Food Name; name,Scientific Name; scie,English,Assamese,Bengali,Gujarati,Hindi,Kannada,Kashmiri,Konkani,Malayalam,Manipuri,Marathi,Nepali,Oriya,Punjabi,Sanskrit,Tamil,Telugu,Urdu
"Amaranth seed, black",Amaranthus cruentus,,Moricha guti,,,Ramdana,Danthu beeja,Mawal,,Cheera vithu,Chengkruk Maru,Cavali biya,,Kosala sag manji Dhala,Chaulali beej,,Keerai vidai,Thotakoora ginjalu.,
"Amaranth seed, pale brown",Amaranthus cruentus,,Moricha guti,,Rajagaro,Ramdana,Danthu beeja,Mawal,,Cheera vithu,Chengkruk Maru,Cavali biya,,Kosala sag maji kale,Chaulali beej,,Keerai vidai,Thotakoora ginjalu.,
Bajra,Pennisetum typhoideum,Pearl millet,,Bajra,Bajri,Bajra,Sajje,Baajra,Krai,Kambam,,Bajra,Bajara,Bajra,Bajra,,Kambu,Sajjalu,Bajra.
Barley,Hordeum vulgare,,Barli,Barley,Jav,Jau,Barley,Wushke,Krai,Barley,,Sath,Jau,Jaba,Jao,Yava,Baarli Arisi,Barley,Jau.
Jowar,Sorghum vulgare,Sorghum,Jowar,Jowar,Jowar,Jowar,Jolada,Pingu,Krai,irunku,,Jondhahlaa,,Janha,Javara,,Cholam,Jonna,Jowar.
"Maize, dry",Zea mays,Corn,Makoi,Bhutta,Makai,Makka,Mekke jola,Makai,Symbai riewhadem stem,Maize,Chujaak,Maka,Sukha makai,Maka,Chhali,Yaavanaala,Makka Cholam,Mokkajonna,makai.
"Maize, tender, local",Zea mays,Corn,Makoi,Bhutta,Lili makai,Makka,Mekke jola,Makai,Riewhadem Stem,Maize,Chujaak,Maka,Makai,Maka,Chhali,,Makka Cholam,Mokkajonna,Makai.
"Maize, tender, sweet",Zea mays,Corn,Makoi,Bhutta,Lili makai,Makka,Mekke jola,Makai,Riewhadem lieh,Maize,Chujaak,Maka,Makai,Maka,Chhali,,Makka Cholam,Mokkajonna,makai.
Quinoa,Chenopodium quinoa,,,,,,,,,,,,,,,,,,
Ragi,Eleusine coracana,Finger millet,Ragi,Ragi,Bavato,Ragi,Bhakri,,Ukrai,Panjapulle,,Bhakri,Kodo,Mandia, Mandal,Madhulika,Kelvaragu,Ragi,Mandwa.
Rice flakes,Oryza sativa,"Flattened rice, Beaten rice","Chira, Chiura","Chide, Chira",Paunva,Poha,Avalakki,Chevri,Shira,Aval,Chengpaak,Pohe,,"Chudaa, Chuda",Chirwre,,Aval,"Atukulu, Attukulu.",
Rice puffed,Oryza sativa,,Muri,Muri,Mamra,Muramure,Kalle Puri,Tomul,Muri,Pori,Kabok Mur,Chirmure,Murai,Mudhi,Phulian,,Pori,Maramaralu,Murmure.
"Rice, raw, brown",Oryza sativa,Whole grain rice,Matia rangar chaul,,Kathai chokha,Chawal,,Tomul,Khaw saw,Kuthari ,Cheng,,,,Bhura choul,,Arisi,Dampudu biyyam.,
"Rice, parboiled, milled",Oryza sativa,Converted rice,Ukhua chaul,Siddha chowl,Bafela Chokha,Usna chawal,Kusubalakki,Tomul,Khaw boil,Puzhungal ari,Cheng,Ukadla tandool,,Usuna chaula,Biga hua chawal,,Puzhungal arisi,Uppudu biyyam.,
"Rice, raw, milled",Oryza sativa,,Milat khunda chaul,Chowl,Choka,Chawal,Akki,Tomul,Khaw boil,,Cheng,Tondool,,Chaula,Chaul,,Arisi,Biyyam.,
Samai,Panicum miliare,Little millet,,Sama,Kuri,Shavan,Sama,Ganuhaar,,Chama,,Sava,,Suan,Swank,,Samai,Sama.,
Varagu,Setaria italica,Kodo millet,Konidhan,Syama dhan,Ral gana,,Priyangu thene,Snol,,Thina,,Rala,,,Kangni,,Thinai,Karralu.,
"Wheat flour, refined",Triticum aestivum,,Moida,Maida,Maido,Maida,Maida,Oat,Moida,Maida mavu,Moida,Maida,Maida,Maida,Maida,,Maida mavu,Maida pindi,Maida.
"Wheat flour, atta",Triticum aestivum,,,Ata,Samagra gha,Atta,Sampurna godhi hittu,Oat unno lota ghaun no lot,,Godhambu mavu,,Kaneek,,Gahama atta,Atta,,Mulu Godumai maavu,Sampurna godhuma pindi.,
"Wheat, whole",Triticum aestivum,,Ghehu,Gom,Ghaun,Gehun,Godhi,Kinek,Ukew,Godhumbu,Ghehu,Gehu,Gau,Gahama,Kanaka,Godhum,Godumai,Godhumalu,Gehun.
"Wheat, bulgur",Triticum aestivum,"Burghul, Groats, Durum Wheat, Pasta wheat, Macaroni wheat",Dalia,Dalia,Bulgur ghaum,Dalia,Bulgur godhi,Kinek,Kew,Godhambu Ravu,,Bulgur gahu,Gau ko pitho,Dalia,Dalia,,Godumai ravai,Bulgur,Dalia.
"Wheat, semolina",Triticum aestivum,"Durum wheat, Pasta wheat, Macaroni wheat",Suji,Suji,Ghaum soji,Gehun suji,Godhi rave,Sooj,Suji,Uppumavu,Suji,Gahu rava,Suji,Suji,Suji,,Godumai ravai,Godhuma rava.,
"Wheat, vermicelli",Triticum aestivum,Very thin pasta,Sewai,Semai,Ghaun ni sev,Siwain,Shevige,Sewian,Sewai lieh,Semiya,,Siwain,,Simai,Sevian,,Semiya,Semiya,Semiya.
"Wheat, vermicelli, roasted",Triticum aestivum,Very thin pasta,Gom sewai,Semai,Ghaun ni Shekeli sev,Siwain,Shevige,Sewian,Sewai saw,Semiya,,Siwain,,Simai,Bhooni sevian,,Semiya,Semiya,Semiya.
"Bengal gram, dal",Cicer arietinum,"Split Bengal gram, Chickpea",Boot dail,Cholar dal,Chana-ni-daad,Chan-ki-dal,Kadale bele,Chanu dal,Dai shana,Kadala parippu,Chana Tangkhai,Harabara dal,Chana ko Dal,Channa dali (Buta dali),Sholedi dal,,Kadalaiparuppu,Sanaga papu,Chane ki dal.
"Bengal gram, whole",Cicer arietinum,Chickpea,Boot,Chola,Chana,"Chana, Kala chana",Kadale,Chanu,Shana kulai,Kadala,Chana Mapum,Harbara,Kabuli Chana,Buta,Shole,Chanak,Kondaikadalai,Sanagalu,Chana.
"Black gram, dal",Phaseolus mungo,"Urad bean, Mungo bean, Black matpe bean",Matir dail phola,Biulir dal,Aadad ni daad,Urad dal,Uddhina bele,Kaha,,Uzhunnu parippu,Sagol Hawai Tangkhai,Uddachi dal,Maas ko dal,"Birri dali, Biri dali",Maa ki daal,Maassa,Ulutham paruppu,Minapa pappu,Mash ki dal.
"Black gram, whole",Phaseolus mungo,"Urad bean, Mungo bean, Black matpe bean",Gota mati mah,Mashkolail,Adad,Chhilke wali urad dal,Uddhina bele,Kaha,Dai iong,Uzhunu,Sagol Hawai,Uddachi dal,,"Birri, Biri",Sabut maa ki daal,,Ulundhu,Minumulu Mapum,
"Cowpea, brown",Vigna catjang,"Black eyed peas, Lobia peas",Lesera mahor guti,Barbati,Chorap,Lobia,Alasande,,Rymbai,Vella payaru,Pong Hawai,Chavli,Bodi,Jhudunga,Lobia,Raajamaassa,Karamani,Bobbarlu,baunir.
"Cowpea, white",Vigna catjang,"Black eyed peas, Lobia peas",Lesera mahor guti,Barbati,Chorap,Lobia,Alasande,,Rymbai lieh,Vella payaru,Pong Hawai,Chavli,Bodi,Jhudunga,Lobia,Raajamaassa,Karamani,Bobbarlu,Baunir.
"Field bean, black",Phaseolus vulgaris,"Common bean, Fieldbean, Broad bean, String bean",Urohi guti,Shim,Valpapdi,Sem,Avare,Moang,Symbai Ri iong,Avar,,Papta,,Baragudi,Sem dal,,Mochai,Chikkudu ginjalu.,
"Field bean, brown",Phaseolus vulgaris,"Common bean, Fieldbean, Broad bean, String bean",Urohi guti,Shim,Valpapdi,Sem,Avare,Moang,Symbai ri saw,Avar,,Papta,,Baragudi,,,Mochai,Chikkudu ginjalu.,
"Field bean, white",Phaseolus vulgaris,"Common bean, Fieldbean, Broad bean, String bean",Urohi guti,Shim,Valpapdi,Sem,Avare,Moang,Symbai Ri lieh,Avar,,Papta,,Baragudi,,,Mochai,Chikkudu ginjalu.,
"Green gram, dal",Phaseolus aureus,"Mung bean, Maash, Moong",Dhua mogu dail,Mung dal,Mug ni daad,Mug dal,Hesara bele,Muang dal,U dai stem,Cheru payar parippu,Mung Hawai,Mug dal,Moong ko khoste,Muga Dali,Mungi-di-dal,,Payatham paruppu,Pesara pappu,Moong dal.
"Green gram, whole",Phaseolus aureus,"Mung bean, Maash, Moong",Gota mogu mah,Moog,Mug,Mung,Hesare kalu,Muang,U dai jyrngam,Cheru Pararu,Mung Hawai,Mun,Moong,Muga,Sabut moong dal,Mudra,Pasipayir,Pesalu,Moong.
"Horse gram, whole",Dolicus biflorus,"Kulthi bean, Hurali, Madras gram",,Kulotto- kalai,Kuleeth,Kulthi,Hurule,Kurath,,Muthira,,Kuleeth,Bakulla,Kolatha,,Kulattha,Kollu,Ulavalu,Kulthi.
Lentil dal,Lens culinaris,,Masur dail,Mosur dal,Masoor ni daad,Masoor dal,Laki Bele,Masoor,U dai saw,Vattu parippu,Hawai Masuri,lank dal,,Masura dali,Dhooli masari dal,Triputta,Khesari paruppu,Lanka pappu.,
"Lentil whole, brown",Lens culinaris,,Gota masur mah,Mosur,Masoor (Kathai),Masur dal,Masur bele,Masoor,,Masur parippu,Hawai Masuri,Masur dal,Musuroo,Masura,Saboot masari dal,Masura,Mysore paruppu,Misur pappu,Masur dal.
"Lentil whole, yellowish",Lens culinaris,,Mosur (Dail),Mosur,Masoor rakhoda,Masur dal,Masur bele,Masoor,U dai saw.,Masur parippu,Hawai Masuri,Masur dal,,Masura,Saboot masari dal,Masura Musuroo,Mysore paruppu,Misur pappu,Masur dal
Moth bean,Vigna aconitifolia,"Mat bean, Turkish gram, Dew bean",,Kheri,Math,Motha,Matki Kal,,Rymbai.,,,Matki,,,Bhiopnitam,,Narippayir,,
"Peas, dry",Pisum sativum,,Gota motor,Matar,Sukha vatana,Sukhi Matar,Batani,Kaza,Shana mator,Pattani,Hawai mangal.,,,Matara,Sukhe hare matar dal,,Pattani,Batani,
"Rajmah, black",Phaseolus vulgaris,"Rajma, Razma",Rajmah,Barbati beej,Phansi (Kadi),Rajmah,Thugare bele,Razma,Rajma heh,Rajmah,Rajmah,Shravangheveda,Rajma,,Kale rajmah,Makussttaka,Karamani Payir,Barigalu,Rajma.
"Rajmah, brown",Phaseolus vulgaris,"Rajma, Razma",Rajmah,Barbati beej,Phansi (Gulabi),Rajmah,Thugare bele,Razma,Rajma lieh,Rajmah,Rajmah,Shravangheveda,Rajma,,Bhoore rajmah,Makussttaka,Karamani Payir,Barigalu,Rajma.
"Rajmah, red",Phaseolus vulgaris,"Rajma, Razma",Rajmah,Barbati beej,Phansi (lal),Rajmah,Thugare bele,Razma,Rajma rit,Rajmah,Rajmah,Shravangheveda,Rajma,,Lal rajmah,Makussttaka,Karamani Payir,Barigalu,Rajma.
"Red gram, dal",Cajanus cajan,Pigeon pea,Rohor dail,", Kash., H. Arhar dal",Tuver ni daad,Arhar dal,Thugare bele,", H. Arhar dal",Dai shana,Tuvaru parippu,Mairongbi,Turdal,Rahar ko dal,Harada dal,Arhar dal,Aaddhakii,Tuvaramparuppu,Kandi pappu,Tuvar ki dal.
"Red gram, whole",Cajanus cajan,Pigeon pea,Gota rohor,,Tuver,Arhar sabud,,Masur,Rymbai ja,Tuvaru parippu,Mairongbi,Turdal,,Harada,Arhar sabut dal,,Tuvarai,Kandulu,Tuvar.
Ricebean,Vigna umbellata,Ricebean,,Galmoong,,Meth,,,Rymbai ja,Kattuzhunnu,Chakwai ,,Shiltong.,,,,,,
"Soya bean, brown",Glycine max,Soybean,Soya bean,Garikalai,Soya bean,Bhatmas,Soya bean,Muth,Toh rymbai,Soya bean,Nunghawai,Soya bean,Bhatmas,Soya bean,Soya bean dal,,Soya bean,Soya bean,Soya.
"Soya bean, white",Glycine max,Soybean,Soya bean,Garikalai,Soya bean,Bhatmas,Soya bean,Muth,Toh rymbai,Soya bean,Nunghawai,Soya bean,Bhatmas,Soya bean,Soya bean dal,,Soya bean,Soya bean,Soya.
Agathi leaves,Sesbania grandiflora,"August tree leaves, Humming bird tree leaves, spinach",Bok phular paat,Bak ful shak,Agathio,Agasthi,Agase soppu,,,Agathi cheera,Chu chu Rangmei,Agasthi ka sag,,Agasti,,,Agathi keerai,Avise akulu.,
"Amaranth leaves, green",Amaranthus gangeticus,,Moricha sak,Notya Shaakh,Taldalja ni bhaaji,Chaulai,Danthu,Mawal,,Cheera,Chengkruk,Math,Latte to saag,Neutia sag,Chaulai sag,Maarissa,Thandu keerai,Thotakoora,Cholai.
"Amaranth leaves, red mix",Amaranthus gangeticus,,Moricha,Lal Shaakh,Lal tandaljo,Chaulai,Danthu,Mawal,,Cheera,Chengkruk,Math,Latte to saag,Neutia sag,Lal chaulai sag,Maarissa,Thandu keerai,Thotakoora,Cholai.
"Amaranth leaves, red and green mix",Amaranthus gangeticus,,Moricha,Notya Shaakh,Tandaljo,Chaulai,Danthu,Mawal,,Cheera,Chengkruk,Math,Latte to saag,Neutia sag,Chaulai sag,Maarissa,Thandu keerai,Thotakoora,Cholai.
"Amaranth spinosus, leaves, green mix",Amaranthus spinosus,,Moricha sak,Kanta-notya,Kanta vado tandaljo,Kantewali-notya,Mulla danthu,Mawal,,Mullancheru- cheera,Chengkruk,Kantemanth,,Kanta notay shak,Kantewali chaulai,,Mulaikeerai,Mulla thotakura.,
"Amaranth spinosus, leaves, red and green mix",Amaranthus spinosus,,,Kanta-notya shaak,Kanta vado tandaljo,Kantewali-notya,Mulla danthu,Mawal,Sla longmar,Mullancheru-cheera,Chengkruk,Kantemanth,,Kanta neutia sag,Kantewali chaulai,,Mulakeerai,Mulla thotakura.,
Basella leaves,Basella alba,Malabar spinach,Puroi sak,Pui shaak,Poi ni bhaji,Palak,Basale soppu,,Sla palong dkhar,Vallicheera,,Mayalu,,Poi saaga,Paalak,,Kodippasali,Bachhali.,
Bathua leaves,Chenopodium album,,Jilmil sak,Beto sak,Chilni bhaji,Bathua sagu,Sakothina soppu,Ushtahak,Sla jada,Parippuchira,Monsaobi,Chakavath,Bethe ko saag,Bathua sag,Bathu sag,,Paruppukkeerai.,Pappukura,
Beet greens,Beta vulgaris,Beet greens,Beetar sak,,Beet ni bhaji,Chukandhar sag,Beet root soppu,Chogander Munji,Sla bit,Beet root cheera,,Beet root ka sag,Bengali Palungo ko Saag,,Chukandhar da sag,,Beet root keerai,Beet root,beet patta.
"Betel leaves, big (kolkata)",Piper betle,,paan,Pan,Nagarvelna pan,Pan ka patha,Kadale soppu,,Tympew Dkhar,Vettiiai,Kwa Mana,Pan-ka-patta,,Pana, Pan-da-patta,,Vetrilai,Thamala paku,Paan ka patta.
"Betel leaves, small",Piper betle,,Paan,Pan,Nagarvelna pan,Pan ka patha,Kadale soppu,,Tympew,Vettiiai,Kwa Mana,Pan-ka-patta,,Pana,Pan-da-patta,,Vetrilai,Thamala paku,Paan ka patta.
Brussels sprouts,Brassica oleracea var. gemmifera,,,Biliti Bandhakopi,Nani kobi,Choote gobi,Mara kosu,Haakh,,Kalakose,,Chotee gobi,,Chota bandha,Chooti band gobi,,Kalaikose,Chinna cabbage,Choti bund gobh.
"Cabbage, Chinese",Brassica rupa,,China lai,,Chinese kobi,,,Bandh,Salat chaina.,,,,,,,,,,
"Cabbage, collard greens",Brassica oleracea var. viridis,,,,Kobi na pan,,,Bandh,Sla kubi,,,,,,,,Seemai parattai keerai.,,
"Cabbage, green",Brassica oleracea var. capitata f. alba,,Bondhakobi,Badha kopi,Lili kobi,Bandh gobi,Kosu,Bandh gobi,Kubi,Muttu gose,Kobi Mana,Kobi,Banda kovi,Bandha kobi,Patta gobhi,Shaakaprabhedah,Muttaikose,Gos koora,Gobhi.
"Cabbage, violet",Brassica oleracea var. capitata f. rubra,"Red cabbage, Purple cabbage, Red Kraut, Blur kraut",Bondhakobi,Badha kopi,Lal kobi,Bandh gobi,Kosu,Bandh gobi,Kubi saw,Muttu gose,,Kobi,Banda kovi,Bandha kopee,Patta gobhi,Shaakaprabhedah,Muttaikose,Gos koora,Gobhi.
Cauliflower leaves,Brassica oleracea var. botrytis,,Phul kobir pat,Phul gopi pata,Fulawar na pan,Phul gobi patta,Hukosu,Phoolgobi panwathir,Sla phul,Cauliflower,Kobithamchetmai mana,Phul gobi,Kauli,Phula Kobi patra,Phool gobi di patte,Gojihvaa,Pookosu keerai,Go puvvu,Phul gobi.
"Colocasia leaves, green",Colocasia anti-quorum,,Kasu sak,Kochu pata,Advi na pan,Arvi ka sag,Shamangadda yele,,Sla wang,Chembu ilagal,Paan mana,Alu pan,Karkalo,Saru saga,Arbi-di-patte,,Seppam ilaigal,Chama akulu,Arvi ka patta.
Drumstick leaves,Moringa oleifera,"Horseradish leaves, Benzoil leaves",Sajina paat,Sajna pata,Saragwa na pan,Saijan patta,Nuggeyele,,,Muringa ela,Sajana mana,Shevaga pan,,Sajna sag,Soanjhna da patta,,Murungai keerai,Mulaga akulu,Sujineki palli.
Fenugreek leaves,Trigonella foenum graecum,,Methi paat,Methi shak,Methi pandada,Methi sag,Menthya soppu,Kasori Methi,Sla methi,Uluva ila,Methi man,Methi sag,Methi pata,Methi sag,Methi di patte,,Vendhaiya keerai,Menthikoora,Methi.
Garden cress,Lepidium sativum,,Bor manimuni,Halim sag,Asadio na pan,Halim ka patta,Allibija soppu,Halyun,Khliang syiar,Alivirai cheera,,Ahiva ka patta,Chamsoor ko Saag,Kakharu Saga,Halim-da-sag,,Alivirai keerai,Adityala akulu.,
"Gogu leaves, green",Hibiscus cannabinus,Roselle Leaves,Tengamora,Mestapat,Ambadi,Pitwa,Pundi,,Sla jajew jyrngam,Pulichai cheera,Sougri mana,Ambadi,,Nalite saga,Pitwa sag,,Pulichchai keerai,Gongura,Ambada ki bhaji.
"Gogu leaves, red",Hibiscus cannabinus,Roselle Leaves,Tengamora,Mestapat,Ambadi,Pitwa,Pundi,,Sla jajew saw,Pulichai cheera,Sougri mana,Ambadi,,Nalite saga,Pitwa sag,,Pulichchai keerai,Gongura,Ambada ki bhaji.
"Knol-Khol, leaves",Brassica oleracea var. gongylodes,"Knol Knol, Kohlrabi, Wild cabbage greens",Ool kobi,Olkopi sag,Gath kobi na pan,Ganth gobi ka sag,Gedde kosu,Hakh Monji,Phan Kubi,Knol-khol cheera,Kobi Maru Kabi,Nol khol ka patta,Salgam ko saag,Ulgobi saga,Ganth gobi sag,,Knol-Khol keerai,Knol-khol akulu.,
Lettuce,Lactuca sativa,,Salad paat,,Lettuce na pan,Salad ka patta,Lettuce soppu,Hakh,Salat dkhar,Lettuce cheera,,Lettuce ka patta,Saalad ko paat,,Salada sag,,Ilaikosu,Kavu akulu,Kismisaag.
Mustard leaves,Brassica juncea,Mustard greens,Horiyo paat,Sorisa sag,Sarasava pandada,Sarson ka sag,Sasuve yele,Hakh,Tyrso,Kadugu ila,Hangaam,Mochari-chi pan,Raayo ko Saag,Sarson ka saga,Saro da sag,,Kadugu ilai,Ava akulu,Sarson ki patta.
Pak Choi leaves,Brassica rapa var. Chinensis,"Bok choy, Horse`s ear, Chinese celery cabbage, White mustard cabbage",,,Pak choi na pan.,,,,,,,,,,,,,,
Parsley,Petroselinum crispum,Garden parsley,Sugandhi lota,,Leela dhana,,Auchumooda,,,Seema malli,,Kothimbir/dhane,,,Parsley.,,Verkosu,,Ajmod
Ponnaganni,Alternanthera sessilis,,Matikaduri,Khanchari,Saranthi na pan,Saranthi sag,Honagone soppu,,,Ponnaganni cheera,Phakchet,Saranthi sag,,Madarangh,,,Ponnaganni keerai,Ponnaganti koora,Kunte ki bhaji.
"Pumpkin leaves, tender",Cucurbita maxima,,Rongalao paat,Kumra shak,Kolam na pan,Kumhra sag,Kumbale soppu,Aal kaniji,Sla pathaw,Manthan elakai,Mairen mana,Bhopla chipan,,Khakaru saga,Petha de pate,,Parangi ilai,Gummadi akulu,Kaddu ka patta.
Radish leaves,Raphanus sativus,,Dherua,Mulo shak,Muda na pan,Muli ka sag,Mullangi soppu,Mooji Hakh,Sla muli,Mullangi ilaigal,Hangham mula,Mula ka sag,Moolaa ko saag,Mula ka sag,Muli di patte,,Mullangi ilai,Mullangi akulu,Muli ka patta..
Rumex leaves,Rumex patientia,,Suka sak,Bun palung,Ambada (sorrel),,Chukki soppu,,,,,Amlavetasa,,,,Amlavetasa,,,Tukhm hummaz.
Spinach,Spinacia oleracea,,Paleng,Palong shak,Palak ni bhaji,Palak,Spinak soppu,Palak,Palong heh,Basala cheera,Palak,Palak,Paalungo ko Saag,Palang sag,Palak,Paalakya,Pasalai keerai,Palakoora,Palak.
"Tamarind leaves, tender",Tamarindus indica,,Teteli paat,Tetul pata,Amli na pan,", P. Imli patte",,,Sla sohkyntoi.,", Tam. Puliam ilaigal",Mange Mana,Chinchecha pala,,Tentuli,Imli patte,,Puliam ilaigal,Chinta chiguru,
Ash gourd,Benincasa hispida,"Wax gourd, White gourd, Winter gourd, Tallow gourd, Ash pumpkin, Winter melon, Chinese preserving melon",Kumura,Chalkumra,Bhuru kodu,Petha,Budagumbala,Aal,Pathaw iiwbih,Kumbalanga,Torbot,Kohala,Kubhindo,Panikakharu,Petha,,Venpoosani,Boodida gummadi,Peta.
"Bamboo shoot, tender",Bambusa vulgaris,Bamboo sprouts,Bahgaj,Bansber ankur,Lilo vans,Baans,"Baimbale, Kanile",,Ka lung siej,Mulankoombu,Soidon,Kalkipan,,Bhet ki lakdi,Baans,,Moongil kuruthu,Veduru chiguru,Bhet ki lakdi.
"Bean scarlet, tender",Phaseolus coccineus,"Runner bean, Scarlet runner bean, Multiflora bean",Lesera mah,,Chodi,Sem,,Hyambi,U buri,,Hawai Ashaangbi,,,,Sem fali.,,,,
"Bitter gourd, jagged, teeth ridges, elongate",Momordica charantia,"Bitter melon, Bitter squash, Balsam pear",Kerela,Korola,Karela,Karela,Hagal kai,Karela,Kerela heh,Kaippakka,Karon Akhabi,Karle ,Tite karela,Kalara,Karela,Tillikaa,Paavakkai,Kakara kaya,Karela.
"Bitter gourd, jagged, teeth ridges, short",Momordica charantia,"Bitter melon, Bitter squash, Balsam pear",Kerela,Uchhe,Marela,Karela,Hagal kai,Karela,Kerela rit,Kaippakka,Karon Akhabi,Karle,Tite karela,Kalara,Karela,Tillikaa,Paavakkai,Kakara kaya,Karela.
"Bitter gourd, jagged, smooth ridges, elongate",Momordica charantia,"Bitter melon, Bitter squash, Balsam pear",Kerela,Korola,Karela,Karela,Hagal kai,Karela,Kerela,Kaippakka,Karon Akhabi,Karle,Tite karela,Kalara,Karela,Tillikaa,Paavakkai,Kakara kaya,Karela.
"Bottle gourd, elongate, pale green",Lagenaria vulgaris,"Calabash, White flowered gourd",Jatilao,Lau,Dudhi,Lowki,Sorekai,Zeeth aal,U klong,Cheranga,Khongdrum,Pandhara,Lauka,Lau,Kadu,Kaarabellam,Suraikkai,Sorrakaya,Lowki.
"Bottle gourd, round, pale green",Lagenaria vulgaris,"Calabash, White flowered gourd",Jatilao,Lau,Dudhi,Lowki,Sorekai,Gool aal,U klong heh,Cheranga,Khongdrum,Pandhara,Lauka,Lau,Kdu,Kaarabellam,Suraikkai,Sorrakaya,Lowki.
"Bottle gourd, elongate, dark green",Lagenaria vulgaris,"Calabash, White flowered gourd",Jatilao,Lau,Dudhi,Lowki,Sorekai,Zeth aal,Klong jrong,Cheranga,Khongdrum,Pandhara,Lauka,Lau,Kadu,Kaarabellam,Suraikkai,Sorrakaya.,Lowki
Brinjal-1,Solanum melongena,"Eggplant, Aubergine",Bengena,Begun,Ringna,Baingan,Badane,Wagun,Sohbaingon jyrngam,Vazhuthiniga,Lam Khamen,Vange,Bhantaa,Baigan,Baigan,Vruntaakam,Kathirikkai,Vankaya,Baigan.
Brinjal-2,Solanum melongena,"Eggplant, Aubergine",Bengena,Begun,Ringna,Baingan,Badane,Wagun,Sohbaingon jyrngam,Vazhuthiniga,Lam Khamen,Vange,Bhantaa,Baigan,Baigan,Vruntaakam,Kathirikkai,Vankaya,Baigan.
Brinjal-3,Solanum melongena,"Eggplant, Aubergine",Bengena,Begun,Ringna,Baingan,Badane,Wagun,Sohbaingon jyrngam,Vazhuthiniga,Lam Khamen,Vange,Bhantaa,Baigan,Baigan,Vruntaakam,Kathirikkai,Vankaya,Baigan.
Brinjal-4,Solanum melongena,"Eggplant, Aubergine",Bengena,Begun,Ringna,Baingan,Badane,Wagun,Sohbaingon jyrngam,Vazhuthiniga,Lam Khamen,Vange,Bhantaa,Baigan,Baigan,Vruntaakam,Kathirikkai,Vankaya,Baigan.
Brinjal-5,Solanum melongena,"Eggplant, Aubergine",Bengena,Begun,Ringna,Baingan,Badane,Wagun,Sohbaingon jyrngam,Vazhuthiniga,Lam Khamen,Vange,Bhantaa,Baigan,Baigan,Vruntaakam,Kathirikkai,Vankaya,Baigan
Brinjal-6,Solanum melongena,"Eggplant, Aubergine",Bengena,Begun,Ringna,Baingan,Badane,Wagun,Sohbaingon jyrngam,Vazhuthiniga,Lam Khamen,Vange,Bhantaa,Baigan,Baigan,Vruntaakam,Kathirikkai,Vankaya,Baigan
Brinjal-7,Solanum melongena,"Eggplant, Aubergine",Bengena,Begun,Ringna,Baingan,Badane,Wagun,Sohbaingon jyrngam,Vazhuthiniga,Lam Khamen,Vange,Bhantaa,Baigan,Baigan,Vruntaakam,Kathirikkai,Vankaya,Baigan
Brinjal-8,Solanum melongena,"Eggplant, Aubergine",Bengena,Begun,Ringna,Baingan,Badane,Wagun,Sohbaingon jyrngam,Vazhuthiniga,Lam Khamen,Vange,Bhantaa,Baigan,Baigan,Vruntaakam,Kathirikkai,Vankaya,Baigan.
Brinjal-9,Solanum melongena,"Eggplant, Aubergine",Bengena,Begun,Ringna,Baingan,Badane,Wagun,Sohbaingon jyrngam,Vazhuthiniga,Lam Khamen,Vange,Bhantaa,Baigan,Baigan,Vruntaakam,Kathirikkai,Vankaya,Baigan.
Brinjal-10,Solanum melongena,"Eggplant, Aubergine",Bengena,Begun,Ringna,Baingan,Badane,Wagun,Sohbaingon jyrngam,Vazhuthiniga,Lam Khamen,Vange,Bhantaa,Baigan,Baigan,Vruntaakam,Kathirikkai,Vankaya,Baigan.
Brinjal-11,Solanum melongena,"Eggplant, Aubergine",Bengena,Begun,Ringna,Baingan,Badane,Wagun,Sohbaingon jyrngam,Vazhuthiniga,Lam Khamen,Vange,Bhantaa,Baigan,Baigan,Vruntaakam,Kathirikkai,Vankaya,Baigan.
Brinjal-12,Solanum melongena,"Eggplant, Aubergine",Bengena,Begun,Ringna,Baingan,Badane,Wagun,Sohbaingon jyrngam,Vazhuthiniga,Lam Khamen,Vange,Bhantaa,Baigan,Baigan,Vruntaakam,Kathirikkai,Vankaya,Baigan.
Brinjal-13,Solanum melongena,"Eggplant, Aubergine",Bengena,Begun,Ringna,Baingan,Badane,Wagun,Sohbaingon jyrngam,Vazhuthiniga,Lam Khamen,Vange,Bhantaa,Baigan,Baigan,Vruntaakam,Kathirikkai,Vankaya,Baigan.
Brinjal-14,Solanum melongena,"Eggplant, Aubergine",Bengena,Begun,Ringna,Baingan,Badane,Wagun,Sohbaingon jyrngam,Vazhuthiniga,Lam Khamen,Vange,Bhantaa,Baigan,Baigan,Vruntaakam,Kathirikkai,Vankaya,Baigan.
Brinjal-15,Solanum melongena,"Eggplant, Aubergine",Bengena,Begun,Ringna,Baingan,Badane,Wagun,Sohbaingon jyrngam,Vazhuthiniga,Lam Khamen,Vange,Bhantaa,Baigan,Baigan,Vruntaakam,Kathirikkai,Vankaya,Baigan.
Brinjal-16,Solanum melongena,"Eggplant, Aubergine",Bengena,Begun,Ringna,Baingan,Badane,Wagun,Sohbaingon jyrngam,Vazhuthiniga,Lam Khamen,Vange,Bhantaa,Baigan,Baigan,Vruntaakam,Kathirikkai,Vankaya,Baigan.
Brinjal-17,Solanum melongena,"Eggplant, Aubergine",Bengena,Begun,Ringna,Baingan,Badane,Wagun,Sohbaingon jyrngam,Vazhuthiniga,Lam Khamen,Vange,Bhantaa,Baigan,Baigan,Vruntaakam,Kathirikkai,Vankaya,Baigan.
Brinjal-18,Solanum melongena,"Eggplant, Aubergine",Bengena,Begun,Ringna,Baingan,Badane,Wagun,Sohbaingon jyrngam,Vazhuthiniga,Lam Khamen,Vange,Bhantaa,Baigan,Baigan,Vruntaakam,Kathirikkai,Vankaya,Baigan.
Brinjal-19,Solanum melongena,"Eggplant, Aubergine",Bengena,Begun,Ringna,Baingan,Badane,Wagun,Sohbaingon jyrngam,Vazhuthiniga,Lam Khamen,Vange,Bhantaa,Baigan,Baigan,Vruntaakam,Kathirikkai,Vankaya,Baigan.
Brinjal-20,Solanum melongena,"Eggplant, Aubergine",Bengena,Begun,Ringna,Baingan,Badane,Wagun,Sohbaingon jyrngam,Vazhuthiniga,Lam Khamen,Vange,Bhantaa,Baigan,Baigan,Vruntaakam,Kathirikkai,Vankaya,Baigan.
Brinjal-21,Solanum melongena,"Eggplant, Aubergine",Bengena,Begun,Ringna,Baingan,Badane,Wagun,Sohbaingon jyrngam,Vazhuthiniga,Lam Khamen,Vange,Bhantaa,Baigan,Baigan,Vruntaakam,Kathirikkai,Vankaya,Baigan.
Brinjal - all varieties,Solanum melongena,"Eggplant, Aubergine",Bengena,Begun,Ringna,Baingan,Badane,Wagun,Sohbaingon jyrngam,Vazhuthiniga,Lam Khamen,Vange,Bhantaa,Baigan,Baigan,Vruntaakam,Kathirikkai,Vankaya,Baigan.
Broad beans,Vicia faba,"Fava bean, Faba bean, Field bean, Bell bean, Tic bean",Urahi,Makhon shim,Fafda papdi,Bakla,Chkaooaradavare,Thool Haymbe,Ri majai,Amarakka,,Ghewda,,Simba,,,Avarai,Pedda chikkudu.,
"Capsicum, green",Capsicum annuum,,Kashmiri jalakia,Lanka (bilathi),Bhuler marcha,Shimla mirch,Donnmena-sinakayi,Shimla marchwangan,Sohmynken jhur jyrngam,Undamulagu,,Bhoplimirchi,,Shimla Lanka,Shimle-di-mirchi,,Koda milagai,Shimla mirchi,Shimla mirchi.
"Capsicum, red",Capsicum annuum,,Kashmiri jalakia,Lanka (bilathi),Bhuler marcha,Shimla mirch, Donnmena- sinakayi, Shimla marchwangan,Sohmynken jhur jyrngam,Undamulagu,,Bhoplimirchi,,Shimla Lanka,Shimle-di-mirchi,,Koda milagai,Shimla mirchi,Shimla mirchi.
"Capsicum, yellow",Capsicum annuum,,Kashmiri jalakia,Lanka (bilathi),Bhuler marcha,Shimla mirch, Donnmena-sinakayi,Shimla marchwangan,Sohmynken jhur stem,Undamulagu,,Bhoplimirchi,,Shimla Lanka,Shimle-di-mirchi,,Koda milagai,Shimla mirchi,Shimla mirchi.
Cauliflower,Brassica oleracea,,Phul kobi,Phul kopi,Fulawar,Phul gobi,Hukosu,Phoolgobi,Phul kubi,Cauliflower,Kobithamchetmai,Phul gobi,Kauli,Phul Kobi,Phul gobi,Gojihvaa,Pookosu,Go puvvu,Phul gobi.
Celery stalk,Apium graveolens,,,Randhuni,Celery daandi,Ajmud,,,Dieng seleri,,,,,,,,Sivarikkeerai.,,
Cho-cho-marrow,Sechium edule,"Cho cho marrow, Chayote",Squash,,,Cho-cho-marrow,Cho-cho-marrow,,Biskot,Cho-cho-marrow,Dasakusa,Cho cho sara,,Phuti kakudi,,,Chow-chow.,,
Cluster beans,Cyamopsis tetragonobola,Guar,Mah,Jhar sim,Govar,Gaur-ki-phalli,Gori koyi,Hyambi,,Kothavara,,Govari,,Guanra chhuin,Guarae-di-faliya,,Kothavaranga,Goruchikkudu,Gavar ki palli.
"Colocasia, stem, black",Colocasia antiquorum,,kosu thari,Kochur loti,,Arwi-ki-dandi,Kesu danthu,,Kawang iong,Chembin thandu,Paan Makhok,Alu-che-dath,,Sarunada,Arbi de dande,,Seppanthandu,Chama kada,Arwi ke kade.
"Colocasia, stem, green",Colocasia antiquorum,,Kosu thari,Kochur loti,,Arwi-ki-dandi,Kesu danthu,,Ka wang jyrngam,Chembin thandu,Paan Makhok,Alu-che-dath,,Sarunada,Arbi de dande,,Seppanthandu,Chama kada,Arwi ke kade.
"Corn, Baby",Zea mays,,,,,,,Makai,Riewhadem lung,,Chujaak,,,,Shoti shalli.,,,,
"Cucumber, green, elongate",Cucumis sativus,,Tiyoh,Sosha,Kakdi,"Kheera, Kachumbar",Southe kayi,Laar,Sohkhia,Vellarikka,Thabi,Kakadi,Kakro,Kakudi,Khira,Patolah,Vellarikkai,Dosa kaya,Kheera.
"Cucumber, green, short",Cucumis sativus,,Tiyoh,Sosha,Kakdi,"Kheera, Kachumbar",Southe kayi,Laar,Sohkhia,Vellarikka,Thabi,Kakadi,Kakro,Kakudi,Khira,Patolah,Vellarikkai,Dosa kaya,Kheera.
"Cucumber, orange, round",Cucumis sativus,,Tiyoh,Sosha,Kakdi,Kakadi,Southe kayi,Laar,Sohkhia pyllon,Vellarikka,,Kakadi,Kakro,Kakudi,Khira,Patolah,Vellarikkai,Dosa kaya,Kheera.
Drumstick,Moringa oleifera,"Horseradish, Benzoil",Sajina,Sajna danta,Saragavo,Saijan-ki-phalli,Nugga kayi,,Dieng sajana,Muringakkai,Sajana,Shevanga sheng,,Sajana chhuin,Suhanjana di phalliya,,Murungakkai,Mulakaada,Sujne ki palli.
"Field beans, tender, broad",Vicia faba,"Common bean, Fieldbean, Broad bean, String bean",Urohi,Shim,Valpapdi,Sem,Avare,Hyambi,Ri majai,Avar,,Papta,,Baragudi,,,Vidaiavarai,Chikkudu ginjalu,Sem ki palli.
"Field beans, tender, lean",Vicia faba,"Common bean, Fieldbean, Broad bean, String bean",Urohi,Shim,Valpapdi,Sem,Avare,Hyambi,Ri majai,Avar,,Papta,,Baragudi,,,Vidaiavarai,Chikkudu ginjalu,Sem ki palli.
"French beans, country",Phaseolus vulgaris,Green beans,French bean,,Fansi,Bakla,Huruli kayi,Hyambi,Presbin phyrngop,Beans,,Pharasebee,Ghiu Simi,Beans,Fras bean,,Vidaiavarai,Sannachikkudu,Beans.
"French beans, hybrid",Phaseolus vulgaris,Green beans,French bean,,Fansi,Bakla,Huruli kayi,Hyambi,Presbin,Beans,,Pharasebee,Ghiu Simi,Beans,Fras bean,,Vidaiavarai,Sannachikkudu,Beans.
"Jack fruit, raw",Artocarpus heterophyllus,Jackfruit,Kothal,Kanthal,Phanas,Kathal,Halasu,Bindu,Soh phan,Chakka,Theibong,Phanas,Katahar,Panasa,Kathal ki beej,Panasa,Palapazham,Panasa,Kathahal.
"Jack fruit, seed, mature",Artocarpus heterophyllus,Jackfruit,Kothal guti,Kanthal,Phanas,Kathal,Halasu,Bindu,Shyieng soh phan,Chakka,Theibong Maru,Phanas,Katahar,,Kathal,Panasa,Palakkottai,Panasa,Kathahal.
Knol - Khol,Brassica oleracea,Wild cabbage,Oolkobi,Olkopi,Nol-kol,Kohl-rabi,Noolkol,Monjh haak,Phan kubi,Noolkol,Kobi Maru Kabi,Nol-kol,Gyathkopi,Ulkobi,Ganth gobi,,Knoolkol,Noolkol.,
"Kovai, big",Coccinia cordifolia,"Ivy gourd, Scarlet gourd",Kunduli,Telakucha,Ghole gluru,"Konduri, Kowai",Tondekayi,,Jhur thliem,Kova kai,,Tondale,,Kunduru,,,Kova kai,Donda kaya,Tindli.
"Kovai, small",Coccinia cordifolia,"Ivy gourd, Scarlet gourd",Kunduli,Telakucha,Ghole gluru,"Konduri, Kowai",Tondekayi,,Jhur thliem,Kova kai,,Tondale,,Kunduru,,,Kova kai,Donda kaya,Tindli.
Ladies finger,Abelmoschus esculentus,"Okra, Okro, Ochro",Bhendi,Dherosh,Bhinda,Bhindi,Bende,Bindi,bindi,Vendakkai,Belandri,Bhendi,Ramtoriya,Bhendi,Bhindi,Bhindikaa,Vendaikkai,Bendakaya,Bhendi.
"Mango, green, raw",Mangifera indica,,Keasa aam,Aam (kancha),Ambo,Katcha Aam,Mavinakayi,Kach Aamb,Soh pieng im,Manga,Heinou Ashangba,Amba,,Ambu (kacha),Kaccha aam,,Mangai,Mamidikaya,Kaccha aam.
"Onion, stalk",Allium cepa,"Spring onion, Onion greens",Piyaj paat,Piyaz kali,Dunglina dakkadi (Onion dakkadi),Pyaz,Erulli soppu,Pichiganda,Sla piat,Ulli thandu,Tilhou mana,Pati,Chhayapi ko Saag,Piaja sandha,Hare pyaaz,,Vengaya thaal,Ulli kadalu,Hari pyaaz.
"Papaya, raw",Carica papaya,"Papaw, Pawpaw",Kesa omita,Pempe (Kacha),Papayi,Katcha pepita,Parangi,Papita,Soh kymphor im,Omakaya,Awathabi Ashangba,Papaya,,Amrutabhanda,Katcha Pepita,,Pappalikkaai,Boppayi kaya,Papaya.
Parwar,Trichosanthes dioica,Pointed gourd,Potol,Potol,Padval,Parwal,Mara thonde,,Patol rit,Kovakkai,,Parwar,,Potala,Parwal,,,Kommu potla,Parwal.
"Peas, fresh",Pisum sativum,,Matar mah,Motor shuti,", Mar. Vatana",Matar,", Tel. Batani",Kaza,Mator,", Tam. Paccha pattani.",Hawai tharaak,Vatana,,Matara,Hare matar,,Paccha pattani.,Batani,
"Plantain, flower",Musa x paradisiaca,Banana flower,Koldil,Mocha,Kel phool,Kele-ka phool,Bale motho,,Pashor kait,Vazhapoo,Lafu Tharo,Kel phool,,Kadali bhanda,Kele-da-phool,,Vazhapoo,Arati puvvu,Kela ka phool.
"Plantain, green",Musa x paradisiaca,Cooking banana,Kaskol/Purakol,Kela (kanch),Kela,Kele (hara),Bale kayi,Kham kael,Kait im,Vazhakkai,Laphoi Ashangba,Kel (hara),Bungo,Bantala kadali,Kela (hara),Rambhaa ,Vazhakkaai,Arati kayi,Kaccha kela.
"Plantain, stem",Musa x paradisiaca,Banana stem,Posola,Thor,Kelanu thed,Kele-ka-tana,Bele Dindu,,Nud kait,Unnipindi,Lafu,Kelicha khunt,,Kadali manja,Kele da tana,,Vazhai thandu,Arati doota.,
"Pumpkin, green, cylindrical",Cucurbita maxima,,Rongalao,Kumro,Kohlu,Kaddu,Kumbala kash,Paarimal,Pathaw,Mathan,Mairen,Lal bhopla,Farsi,Kakharu,Kaddu,Kummaandah,Parangikkai,Gummadi kaya,Kaddu.
"Pumpkin, orange, round",Cucurbita maxima,,Rongalao,Kumro,Kohlu,Kaddu,Kumbala kash,Paarimal,Pathaw saw,Mathan,Mairen,Lal bhopla,Farsi,Kakharu,Kaddu,Kummaandah,Parangikkai,Gummadi,Kaddu.
"Red gram, tender, fresh",Cajanus cajan,Pigeon pea,,,,Arhar ki fali,,,,,,,,,,,Thuvarai,Pacchi Kandulu,Hara tuvar.
Ridge gourd,Luffa acutangula,"Luffa, Loofah",Jikaa,Jhinge,Turia,Torai,Heeraikai,Turrel ,Jingka,Peechinga,Sebot,Dodka,,Janhi,Kali tori,,Peerkankai,Beera kaya,Turai.
"Ridge gourd, smooth skin",Luffa acutangula,"Luffa, Loofah",Bhol,Jhinge,Turia,Torai,Heeraikai,Turrel,Jingka,Peechinga,Sebot,Dodka,,Janchi, Kali tori,,Peerkankai,Beera kaya,Turai.
"Snake gourd, long, pale green",Trichosanthes anguina,,Dhunduli,Chichinga,Pandola,Chachinda,Podavala,,Jingka,Padavalanga,,Padwal,Chichindo,Chachinda,Galartori,Cicinndda,Pudalangai,Potla kaya,Chichinda.
"Snake gourd, long, dark green",Trichosanthes anguina,,Dhunduli,Chichinga,Pandola,Chachinda,Podavala,,Jingka,Padavalanga,,Padwal,Chichindo,Chachinda,Galartori,Cicinndda,Pudalangai,Potla kaya,Chichinda.
"Snake gourd, short",Trichosanthes anguina,,Dhunduli,Chichinga,Pandola,Chachinda,Podavala,,Jingka,Padavalanga,,Padwal,Chichindo,Chachinda,Galartori,Cicinndda,Pudalangai,Potla kaya,Chichinda.
"Tinda, tender",Praecitrullus fistulosus,"Indian squash, Round melon, Indian round gourd, Apple gourd, Indian baby pumpkin",,,Tadabuch,Tinda,Thondekkai,Tinda,,,,Dhemase,Tinda,,Tinda,,,,Tinde.
"Tomato, green",Lycopersicon esculentum,,Kesa bilahi,Kacha Tomato,,Tamator ,Goore Hannu,Rowagun,Soh saw jyrngam,Takkali,Khamen Ashinba,Hara velvangi,,Bilati Baigan,Kaccha tamator,,Thakkali kai,Ramamulagakaya,Kaccha tamatar.
"Tomato, ripe, hybrid",Lycopersicon esculentum,,Poka bilahi,Tomato,Tameta,Tamator,Goore Hannu,Rowangun,Soh saw dkhar,Takkali pazham,Khamen ashinba,Velvangi,Gholobheda,Bilati baigan,Pakke tamator,Rakta phalam,Takkali pazham,Ramamulagakaya,Pakka tamatar.
"Tomato, ripe, local",Lycopersicon esculentum,,Poka bilahi,Tomato,Tameta,Tamator,Goore Hannu,Rowangun,Soh saw khasii,Takkali pazham,Khamen ashinba,Velvangi,Gholobheda,Bilati Baigan,Pakke tamator,Rakta phalam,Takkali pazham,Ramamulagakaya,Pakka tamatar.
"Zucchini, green",Cucurbita pepo,"Courgette, Summer squash",,Dhudul,,Sabed kaddu,Dilpasand,Kaashiral,,,,Kashi bhopla,,Golu phubi kakuri,,,Seemai suraikayi.,,
"Zucchini, yellow",Cucurbita pepo,"Courgette, Summer squash",,Dhudul,,Sabed kaddu,Dilpasand,Kaashiral,,,,Kashi bhopla,,Golu phubi kakuri,,,Seemai suraikayi.,,
"Apple, big",Malus domestica,,Apel,Sev,Safarjan,Sev,Sebu,Tsoonth,Soh apple saw,", Tam. Apple pazham",Sem,Safar chand,Shau,Sev,Seb,Seva,Apple pazham,Sepu/Sema regu,Saib.
"Apple, green",Malus domestica,,Apel,Sev,Lila safarjan,Sev,Sebu,Tsoonth,Soh apple Jyrngam,Apple pazham,Sem,Safar chand,Shau,Sev,Seb,Seva,Apple pazham,Sepu/Sema regu,Saib.
"Apple, small",Malus domestica,,Apel,Sev,Safarjan,Sev,Sebu,Tsoonth,Soh apple saw,Apple pazham,Sem,Safar chand,Shau,Sev,Seb,Seva,Apple pazham,Sepu/Sema regu,Saib.
"Apple, small, Kashmir",Malus sylvestris,,Apel,Sev,Safarjan,Sev,Seb,Tsoonth,Soh apple saw,Apple pazham,Sem,Safar chand,Shau,Sev,Seb,Seva,Apple pazham,Sepu/Sema regu,Saib.
"Apricot, dried",Prunus armeniaca,,Malhoi,Suska khubani,Jardaloo (Suka velu),Khoomani,Jaldaru Hannu,Tser,,Sheema bedhaam pazham,Malhei,Jardaalu,Khattu,,Kharamani,,Sakkarai badhami,Seema Badam/ Jallaru Pandu,Khubaani.
"Apricot, processed",Prunus armeniaca,,Malhoi,Suska khubani,Jardaloo,Khoomani,Jaldaru Hannu,Tser,,Sheema bedhaam pazham,Malhei,Jardaalu,Khattu,,Kharamani,,Sakkarai badhami,Seema Badam/ Jallaru Pandu,Khubaani.
Avocado fruit,Persea americana,,, Kulunashpati,,Makhanphal,Bennephala/Bennehannu,Goshtub tang,,Aathachakka/ Venna-pazham,,Makhan phal,,,Makhan phal,,Vennaipazham.,,
Bael fruit,Aegle marmelos,"Indian bael, Bengal quince, Golden apple, Japanese bitter orange, Stone apple, Wood apple",,Bel,Bila,Bel,,,Soh bel,Vilwa pazham,Heiri Khagok,Bel,,,Bhel,,Vilwa pazham,Marendu pandu.,
"Banana, ripe, montham",Musa x paradisiaca,,Poka kol,Kola(paka),Paka keda,Kela,Bale hannu,Kela,Kait syiem,Vazha pazham,Laphoi,Kele,Kera,Champa kadali,Kella,Kadalii,Vazha pazham,Arati pandu,Kela.
"Banana, ripe, poovam",Musa x paradisiaca,,Poka kol,Kola (paka),Paka keda,Kela,Bale hannu,Kela,Kait mon/ ja,Vazha pazham,Laphoi,Kele,Kera,Champa kadali,Kella,Kadalii,Vazha pazham,Arati pandu,Kela.
"Banana, ripe, red",Musa x paradisiaca,,Poka kol,Kola (paka),Lal paka keda,Kela,Bale hannu,Kela,Kait saw,Vazha pazham,Laphoi,Kele,Kera,Champa kadali,Kella,Kadalii,Sevvazhaipazham,Arati pandu,Kela.
"Banana, ripe, robusta",Musa x paradisiaca,,Poka kol,Kola (paka),keda,Kela,Bale hannu,Kela,Kait jaji,Vazha pazham,Laphoi,Kele,Kera,Champa kadali,Kella,Kadalii,Vazhaipazham,Arati pandu,Kela.
Black berry,Rubus fruticosus,Blackberry,Kola jamu,Kalojam,Jambu,Kala Jamun,Neralai,,Soh jam/ Soh jamun,Naval pazham,Jaam,Jambhool,,Jamukoli,Jamun,,Nagapazham,Neredupandu.,
"Cherries, red",Prunus cerasus,,,,Cherry,Gilas,Kadugempu,Gilas,Soh sherri,Cherrypazham,,Cherry phal,,,Cherry,,Cherry pazham,Cherri pandu.,
"Currants, black",Ribes nigrum,"Zante currants, Corinth raisins, Corinthian raisins",kismis,,kadi draksh,Munakka,Nerale hannu,,Soh kismis iong,Najavalppazham,,Kala pravaha,,,,,Karunthiratcha,Nalla Kishmish,kala kishmish.
Custard apple,Annona squamosa,"Sugar apple, Sweetsop",Sitaphal,Ata,Sitapad,Sharifa,Sharifa,,,", Mar. Sitaphal",,Sitaphal,,Ata,Sharifa,,Seethapazham,Sitaphalam.,
"Dates, dry, pale brown",Phoenix dactylifera,Date palm,Khajur,Kharjura,Kharek,Chuhara,Kharjoora,Khajur,Soh khajur,Eethapazham,Thangtup,Khajur,Khajura,Khajuri,Chawara,Kharjura,Pericham pazham,Khajoora pandu,Khajur.
"Dates, dry, dark brown",Phoenix dactylifera,Date palm,Khajur,Kharjura,Chuhara,Khajur,Kharjoora,Khajur,Soh khajur,Eethapazham,Thangtup,Khajur,Khajura,Khajuri,Chawara,Kharjura,Pericham pazham,Khajoora pandu,Khajur.
"Dates, processed",Phoenix dactylifera,Date palm,Khajur,Kharjura,Khajur,Khajur,Kharjoora,Khajur,Soh khajur im,Eethapazham,Thangtup,Khajur,Khajura,Khajuri,Khajur,Kharjura ,Pericham pazham,Khajoora pandu,Khajur.
Fig,Ficus carica,Common fig,Dimoru,Dumura,Anjir,Anjeer,Anjurada hannugalu,Anjeer,Soh Dimbur,Athipazham,Heirit,Anjir,Anjir,Dimiri,Anjeer,Anjiira,Athipazham,Atti pandu,Anjeer.
Goosberry,Emblica officinalis,Indian Gooseberry,Amlakhi,,Amla,Amla,Betta nelli,,Soh mylleng,Nellikka,Heikru,Amla,,Aanla,Olle,,Nellikkai,Usirikaya.,
"Grapes, seeded, round, black",Vitis vinifera,,Angoor,Angoor,Kadi Draksha,Angoor,Draksha,Dach,Soh grape iong,Mundiringa,Angoor,Draksha,Angoor,Angoor,Angoor,Draakssaa,Panneer dratchai,Draksha padu.,
"Grapes, seeded, round, green",Vitis vinifera,,Angoor,Angoor,Lili Draksha,Angoor,Draksha,Dach,Soh grape jyrngam,Mundiringa,Angoor,Draksha,Angoor,Angoor,Angoor,Draakssaa,Dratchai,Draksha padu.,
"Grapes, seeded, round, red",Vitis vinifera,,Angoor,Angoor,Lal Draksha,Angoor,Draksha,Dach,Soh grape saw,Mundiringa,Angoor,Draksha,Angoor,Angoor,Angoor,Draakssaa,Dratchai,Draksha padu.,
"Grapes, seedless, oval, black",Vitis vinifera,,Angoor,Angoor,Draksha,Angoor,Draksha,Dach,Soh grape iong,Mundiringa,Angoor,Draksha,Angoor,Angoor,Angoor,Draakssaa,Dratchai,Draksha padu.,
"Grapes, seedless, round, green",Vitis vinifera,,Angoor,Angoor,Draksha,Angoor,Draksha,Dach,Soh grape jyrngam,Mundiringa,Angoor,Draksha ,Angoor,Angoor,Angoor,Draakssaa,Dratchai,Draksha padu.,
"Grapes, seedless, round, black",Vitis vinifera,,,,Kadi Draksha,Angoor,Draksha,Dach,Soh grape iong,Mundiringa,Angoor,Draksha,Angoor,Angoor,Angoor,Draakssaa,Dratchai,Draksha padu.,
"Guava, white flesh",Psidium guajava,,Madhurium,Peyara,Jamphad,Amrud,Seebe,Amrodh,Soh pyriam,Perakka (nattu),Pungton,Peru,Aamba,Pijuli (deshi),Amrud,Peruka,Koiyapazham,Jama pandu,Amrood.
"Guava, pink flesh",Psidium guajava,,Madhurium,Peyara,Lal jamphad,Amrud,Seebe,Amrodh,Soh pyriam.,Perakka,Bilaiti pungton,Peru,Aamba,Pijuli,Amrud,Peruka,Koiyapazham,Jama pandu,
"Jack fruit, ripe",Artocarpus heterophyllus,"Jakfruit, Jak",Kothal,Kanthal,Phanas,Kathal,Halasu,Bindu,Soh phan,Chakka,Theibong,Phanas,Katahar,Panasa,Kathal,Panasa,Palapazham,Panasa,Kathahal.
"Jambu fruit, ripe",Syzygium cumini,"Java apple, Semarang rose apple, Wax jambu",Jamu,Jaamrool,,Jamun,Neralai,,,Naval pazham,,Jambhool,,Jamukoli,Jamun,,Nagapazham,Neredupandu.,
Karonda fruit,Carissa carandas,,Korja tenga,Koromcha,Karamda,"Balalak, dindimi",Karekayi,,,Karakka,,Karvand,,Sushena,Karonda,Karamazda,Kalakkay/ Parungala,Kalive.,
"Lemon, juice",Citrus limon,,Nemu,Pati Lebu,Limbu,Nimbhu,,Nyomb,Soh jew.,,Champra Mahi,,Kaagati,Kagaji limbu,Nibu,Lehin,,Nimapandu ,Neembu
"Lime, sweet, pulp",Citrus limetta,,Mosumi,Mitha lebu,Mosambi,Mosambi,Gaja nimbe,Mosambi,Soh balensha.,,,Limbu goda,,,Mosami,,Kolinchi pazham,Gaja nimma pandu,
Litchi,Nephelium litchi,Lychee,Lichu,Lichu,Lichi,Lichi,Lichi,Lichi,Soh manir,Lichi,Lichu,Lichi,Lichi,Letchu,Lichi,,Lichi,Lichi,Lichi.
"Mango, ripe, banganapalli",Mangifera indica,,Aam,Aam(paka),Keri,Aam (paka),Mvina hannu,Aamb,Soh pieng,Mam pazham,Heinou Amunba,Amba (piklela),Ampa,Amba (pachila),Aam,Aamra,Mampazham,Mamidi pandu,Pakka aam.
"Mango, ripe, gulabkhas",Mangifera indica,,Aam,Aam (paka),Pakeli Kedi,Aam (paka),Mvina hannu,Aamb,Soh pieng,Mam pazham,Heinou Amunba,Amba (piklela),Ampa,Amba (pachila),Aam,Aamra,Mampazham,Mamidi pandu,Pakka aam.
"Mango, ripe, himsagar",Mangifera indica,,Aam,Aam (paka),Keri,Aam (paka),Mvina hannu,Aamb,Soh pieng,Mam pazham,Heinou Amunba,Amba (piklela),Ampa,Amba (pachila),Aam,Aamra,Mampazham,Mamidi pandu,Pakka aam.
"Mango, ripe, kesar",Mangifera indica,,Aam,Aam (paka),Kesar kedi,Aam (paka),Mvina hannu,Aamb,Soh pieng,Mam pazham,Heinou Amunba,Amba (piklela),Ampa,Amba (pachila),Aam,Aamra,Mampazham,Mamidi pandu,Pakka aam.
"Mango, ripe, neelam",Mangifera indica,,Aam,Aam (paka),Nilam kedi,Aam (paka),Mvina hannu,Aamb,Soh pieng,Mam  pazham,Heinou Amunba,Amba (piklela),Ampa,Amba (pachila),Aam,Aamra,Mampazham,Mamidi pandu,Pakka aam.
"Mango, ripe, paheri",Mangifera indica,,Aam,Aam (paka),Keri,Aam (paka),Mvina hannu,Aamb,Soh pieng,Mam pazham,Heinou Amunba,Amba (piklela),Ampa,Amba (pachila),,Aamra,Mampazham,Mamidi pandu,Pakka aam.
"Mango, ripe, totapari",Mangifera indica,,Aam,Aam (paka),Totapuri kedi,Aam (paka),Mvina hannu,Aamb,Soh pieng,Mam pazham,Heinou Amunba,Amba (piklela),Ampa,Amba (pachila),Aam,Aamra,Mampazham,Mamidi pandu,Pakka aam.
Mangosteen,Garcinia mangostana,Purple mangosteen,,,,Mangustan,,,,Kodam puli,,,,,,,Sulambali.,,
Manila tamarind,Pithecellobium dulce,,,Jilapi,Bakhai ambli/Vilayabi ambli,Ganga imli/ Jangal jalebi,Seema/ dora hunase,,Soh kyntoi im,,Mange,Vilayatichinch,,,Jangjalebi,,Kodukkapuli,Seema chintakaya.,
"Musk melon, orange flesh",Cucumis melon,Muskmelon,Siral,Kharamuja,Kharbujo,Kharbooja,Kharbooja,Kherbuz,,Mulam pazham,,Kharbooja,,Kharbooja,Kharbooja,Kharbuuja,Mulam pazham,Kharbooja,Kharbuz.
"Musk melon, yellow flesh",Cucumis melon,Muskmelon,Siral,Kharamuja,Kharbujo (Pido),Kharbooja,Kharbooja,Kherbuz,,Mulam pazham,,Kharbooja,,Kharbooja,Kharbooja,Kharbuuja,Mulam pazham,Kharbooja,Kharbuz.
"Orange, pulp",Citrus aurantium,,Komola,Kamala lebu,Santra,Santra,Kithilai,Sangtar,Soh niamtra,Madhura naranga,Komla,Santre,Suntala,Kamala,Santra,Naarangga,Saathukudi,Kamala padu,Santra.
"Palm fruit, tender",Borassus flabellifer,"Doub palm, Palmyra palm, Tala palm, Toddy palm, Wine palm, Ice apple",,,,Tar,Thati mangu,,,Pnamnungu,,,,Tala Saja,,,Panai nungu,Thati munjalu.,
"Papaya, ripe",Carcia papaya,"Papaw, Pawpaw",Amita,Pepe (paka),Papayu,Papita,Pappayi Hannu,Papita,Soh Kymphor,Omakai,Awathabi amunba,Popai,Mewa,Amrutbhanda (Pachila),Papita,,Pappali,Boppayi pandu,Papita.
Peach,Prunus communis,Nectarine,Ahom bogori,,,Aroo,,Aer,Soh phareng,,Chumbrei,,,,Aroo.,,,,
Pear,Prunus persica,,Naspoti,Nashpati,Nashpatino,Nashpati,Berikai,Tang,Soh phoh,Sabarjil,Naspati,Nashpati,Naspati,Nashpati,Nashpati,,Berikkai,Berikaya,Nashpati.
Phalsa,Grewia asiatica,,Pharaskol,Falsa,Falsa,Falsa,Phalsa hannu,,Soh broi rit,Palisa,,Falsa,,Mirgichara,Falsa,,Palisa,Falsa pandu,Falsa.
Pineapple,Ananas comosus,,Ahnaros,Anarasa,Anenas,Ananas,Ananas,Punchitipul,Soh trun,Kayirha chakka,Kihom Ananas,,,Sapuri,Ananas,,Annasi pazham,Anasa pandu,Ananas.
Plum,Prunus domestica,,,Alubokhara,Aaddu,Alubokhara,Onagida draakshi,Aeir,Soh plum dorris/ Norris,,Heikha,,,,Aloobhukhara,,,Alapagoda.,
"Pomegranate, maroon seeds",Punica granatum,,dalim,Bedana,Dadam,Anar,Dalimbari,Daan,Soh pomegranate,Mathalam pazhham,Kamphoi,Dalimb,,Dalimba,Anar,Daaddima,Madhulam pazham,Danimma pandu,Anaar.
Pummelo,Citrus maxima,Pomelo,Rabab tenga,Batabilembu,Papnuse,Chakotra,Chakkota,,Soh bah,Bombilimas,Nobab,Papnus,,Batapilembu,,,Bombilimas,Pampara panasa.,
"Raisins, dried, black",Vitis vinifera,Dried grape,kishmish,kishmish,Kadi Draksha,Kishmish,Drashi,kishmish,Kismis iong,Mundiringa (unakku),Kismis,kishmish,,kishmish,Songi,,Ular dhirachai,Endu draksha,kishmish.
"Raisins, dried, golden",Vitis vinifera,Dried grape,Kishmish,Kishmish,Pidi Draksha,Kishmish,Drashi,Kishmish,Kismis saw,Mundiringa (unakku),Kismis,kishmish,Kismis,Kishmish ,Songi,,Ular dhirachai,Endu draksha,Kishmish.
Rambutan,Nephelium lappaceum,,,,,Rambutan.,,,,,,,,,,,,,
Sapota,Achras sapota,Sapodilla,Chiku,,,Chiku,Sapota,,,Sapota,,Chiku,,Sapota,Chiku,,,Sapota,Sapota.
Soursop,Annona muricata,,,,,Shul-ram fal,Lakshmanaphala/Mulluramphala,,,Mullatha,,,,,,,Malai seethapalam/ Paanghi pazham,Lakshamana phalamu.,
Star fruit,Averrhoa carambola,"Carambola, Starfruit",Kordoi,,Amrakh,Kazmal/Kamrakh,Kamaraka/ Kapazakshi hannu,,Soh pyrshong,Caturappuli,Heinoujom,Karambal,,Karamanga,,,Tamarattai,,Kamrakh.
Strawberry,Fragaria ananassa,,,,strawberry,,Nela milli hannu,Istaber,Strawberry/ soh stap,Stroberry,,,,,Lachi,,Strawberry.,,
"Tamarind, pulp",Tamarindus indicus,,Teteli,Tetul,Amli,Imli,Hunise hannu,Tambari,Soh kyntoi,Puli,Mange,Chinch,Imali,Tentuli,Imli,Sucukrika,Puli,Chintha pandu,Imli.
"Water melon, dark green (sugar baby)",Citrullus vulgaris,Watermelon,Tormuj,Tarmuj,Tadbuj,Tarbuj,Kallangadi,Hend wend,Soh watermelon,Thannir mathan,Tarbuj,Kalingad,Kharbuja,Tarvuja,Dawana,,Darbusani,Puchakaya,Tarbuja.
"Water melon, pale green",Citrullus vulgaris,Watermelon,Tormuj,Tarmuj,Tadbuj,Tarbuj,Kallangadi,Hend wend,Soh watermelon,Thannir mathan,Tarbuj,Kalingad,Kharbuja,Tarvuja,Dawana,,Darbusani,Puchakaya,Tarbuja.
Wood Apple,Limonia acidissima,Elephant apple,Bel,Koyeth Bael,Kothu,Kaith,Bele,Bum choont,,Vilam pazham,,Kavath,,Kaitha,Chaktora,Bilvaon (Gorakamli),Vilam pazham,Velega pandu,Beal.
Zizyphus,Zizyphus jujube,"Jujube, Ziziphus",Bogori,Kula,Ber,Ber,Yelachi,Brey,Soh broi heh,Elanth pazham,Boroi,Bor,,Barakoli,Beri,Badarii,Elanthai pazham,Regu pandu,Ber.
Beet root,Beta vulgaris,"Beetroot, Beet, Table beet, Garden beet, Red beet, Golden beet",Beet,Beet,Beet,Chukandar,Beet,Chogander munji,U bit,Beet root,,Beet root,,Bita,Chukandar,Paalangashaakah,Beet root,Beet root,Chokhandar.
"Carrot, orange",Dacus carota,,Gajor,Gajar,Gajar,Gajar,Gajjare,Ghahzir,U kajor,Carrot,Gajar,Gajar,Gajar,Gajara,Gajar,Grunjanam,Carrot,Gajjara gadda,Gajar.
"Carrot, red",Dacus carota,,Gajor,Gajar,Gajar,Gajar,Gajjare,Ghahzir,Kajor,Carrot,Gajar,Gajar,Gajar,Gajara,Gajar,Grunjanam,Carrot,Gajjara gadda,Gajar.
Colocasia,Colocasia antiquorum,Taro,Kosu,Kochu,Advi,Arwi,Samagadde,faram,Ka shriew,Chembu,Paan,Alu kanda,,Saru,Arwi,,Seppankizhangu,Chama dumpa,Arwi.
Lotus root,Nelumbium nelumbo,,podum thari,,Kamad kakdi,"Kamal gatta, Kamal kakdi",Tavare dantu,Nader,Thied lotus,Thamara thandu,Thambou,Kamalkaakdi,,Padma nad,Kamal zahr,,Thamaraithandu,Thamara kada,Kanwal kakri.
"Potato, brown skin, big",Solanum tuberosum,,Simolu aloo,Gal alu,Bateka,Alu,Alugadda,Oalu,U phan,Urula kizhangu,Aloo,Batata,Alu,Alu,Alu,Aalukah,Urulai kizhangu,Bangala dumpa,Alu.
"Potato, brown skin, small",Solanum tuberosum,,Simolu aloo,Gal alu,Bateka,Alu,Alugadda,Oalu,Phan rit,,Aloo,Batata,,,,Aalukah,Urulaikizhangu,Bangala dumpa.,Alu
"Potato, red skin",Solanum tuberosum,,Aloo,Gal alu,Bateka,Alu,Alugadda,Oalu,Phan saw,Urula kizhangu,Aloo,Batata,Alu,Alu,Alu,Aalukah,Urulaikizhangu,Bangala dumpa,Alu.
"Radish, elongate, red skin",Raphanus sativus,,Mula,Mula,Muda,Muli,Mullangi,,Muli saw,Mullangi,,Mula,Mula,Mula,Gonglu,Moolikaa,Mullangi,Mullangi,Mooli.
"Radish, elongate, white skin",Raphanus sativus,,Mula,Mula,Muda,Muli,Mullangi,,Muli lieh,Mullangi,,Mula,Mula,Mula,Gonglu,Moolikaa,Mullangi,Mullangi,Mooli.
"Radish, round, red skin",Raphanus sativus,,Mula,Mula,Muda,Muli,Mullangi,,Muli pyllon,Mullangi,,Mula,Mula,Mula,Gonglu,Moolikaa,Mullangi,Mullangi,Mooli.
"Radish, round, white skin",Raphanus sativus,,Mula,Mula,Muda,Muli,Mullangi,,Muli pyllon,Mullangi,,Mula,Mula,Mula,Gonglu,Moolikaa,Mullangi,Mullangi,Mooli.
"Sweet potato, brown skin",Ipomoes batatas,,Meetha aloo,Ranga alu,Sakkaria,Shakarkand,Genasu,,Phankaro iong,Sakkarvalli kazhangu,Manghra,Ratalu,Sakhar Khand,Kandamula,Sakkargandi,,Sakkarvalli kizhangu,Chilagada dumpa,Ratalu.
"Sweet potato, pink skin",Ipomoes batatas,,Meetha aloo,Ranga alu,Sakkaria,Shakarkand,Genasu,,Phankaro saw,Sakkarvalli kazhangu,Manghra,Ratalu,Sakhar Khand,Kandamula,Sakkargandi,,Sakkarvalli kizhangu,Chilagada dumpa,Ratalu.
Tapioca,Manihot esculenta,,Sagi,Simla alu,Aararoot,Simla alu,Mra genasu,,Phan dieng,Mrachini,U Manghra,Simla  Batata,Tarul,Kathakonda,Simla alu,,Maravalli kizhangu,Krrapendalamu,Kasawa soji.
Water Chestnut,Eleocharis dulcis,,Pani singora,Pani phal,Shingoda,", Mar. Shingara",,Goer,,Karimpolam,Kaothum,Shingara,,Pani singhara,Shingada,,Singhara,Kubyakam.,
"Yam, elephant",Amorphophallus campanulatus,"Elephant foot yam, Whitespot giant arum",Ol kachu,Ol,Suran,Zimikandha,Suvarna gadda,,Shriew hati,Chena,Haa,Suran,,Suran,Zimikand,,Karunai kizhangu,Kandha dumpa.,
"Yam, ordinary",Amorphophallus campanulatus,"White yam, Winged yam, Water yam, Purple yam",Kath aloo,Gherkochoo,Ratadu,Sooran,Suvarna gadda,,Shriew jrong,Chena,Haa,Goradu,Pidaloo,Khamba alu,,Aalu,Karunai kizhangu,Durdakandagadda.,
"Yam, wild",Dioscorea versicolor,,Jongoli kosu,Ranga alu,Ratadu,Suaralu,Hegganasu,,Shriew lieh,Kattuchena,Haa,Suran,,,,,Kodi kizhangu,Chedu paddu dumpa.,
"Chillies, green-1",Capsicum annum,Chili pepper,Kesa jalakia,,Lila marcha,Hara Mirchi,Hasi Menasinakayi,Marach wangun,Sohmynken heh,Mulaku,Morok,Mulaku,Hariyo khursani,Kancha Lanka,Hara mirchi,Marichika,Pachhai milagai,Pacchi Mirapakaya,Hara mirchi.
"Chillies, green-2",Capsicum annum,Chili pepper,Kesa jalakia,,Lila marcha,Hara Mirchi,Hasi Menasinakayi,Marach wangun,Soh mynken dkhar,Mulaku,Morok,Mulaku,Hariyo khursani,Kancha Lanka,Hara mirchi,Marichika,Pachhai milagai,Pacchi Mirapakaya,Hara mirchi.
"Chillies, green-3",Capsicum annum,Chili pepper,Kesa jalakia,,Lila marcha,Hara Mirchi,Hasi Menasinakayi,Marach wangun,Soh mynken dkhar,Mulaku,Morok,Mulaku,Hariyo khursani,Kancha Lanka,Hara mirchi,Marichika,Pachhai milagai,Pacchi Mirapakaya,Hara mirchi.
"Chillies, green-4",Capsicum annum,Chili pepper,Kesa jalakia,,,Hara Mirchi,Hasi Menasinakayi,Marach wangun,Soh mynken dkhar,Mulaku,Morok,Mulaku,Hariyo khursani,Kancha Lanka,Hara mirchi,Marichika,Pachhai milagai,Pacchi Mirapakaya,Hara mirchi.
"Chillies, green-5",Capsicum annum,Chili pepper,Kesa jalakia,,Vadhvani marcha,Hara Mirchi,Hasi Menasinakayi,Marach wangun,Soh mynken dkhar,Mulaku,Morok,Mulaku,Hariyo khursani,Kancha Lanka,Hara mirchi,Marichika,Pachhai milagai,Pacchi Mirapakaya,Hara mirchi.
"Chillies, green-6",Capsicum annum,Chili pepper,Kesa jalakia,,Lila marcha,Hara Mirchi,Hasi Menasinakayi,Marach wangun,Soh mynken dkhar,Mulaku,Morok,Mulaku,Hariyo khursani,Kancha Lanka,Hara mirchi,Marichika,Pachhai milagai,Pacchi Mirapakaya,Hara mirchi.
"Chillies, green-7",Capsicum annum,Chili pepper,Kesa jalakia,,Gola marcha,Hara Mirchi,Hasi Menasinakayi,Marach wangun,Soh mynken beb,Mulaku,Morok,Mulaku,Hariyo khursani,Kancha Lanka,Hara mirchi,Marichika,Pachhai milagai,Pacchi Mirapakaya,Hara mirchi.
"Chillies, green - all varieties",Capsicum annum,Chili pepper,Kesa jalakia,,,Hara Mirchi,Hasi Menasinakayi,Marach wangun,Soh mynken dkhar,Mulaku,Morok,Mulaku,Hariyo khursani,Kancha Lanka,Hara mirchi,Marichika,Pachhai milagai,Pacchi Mirapakaya,Hara mirchi.
Coriander leaves,Coriandrum sativum,"Cilantro, Chinese parsley",Dhania paat,Dhone pata,Dhana pandada,Hara dhania,Kothambari,Daaniwal,Dhonia dkhar,Kothamalli,Fadhighom Mana,Kothimbir,Hario Dhaniya,Dhania Patra,Hara dhaniya patta,,Kothamalli,Kothimiri,Hara dhaniya.
Curry leaves,Murraya koenigii,Sweet Neem leaves,Narasingha paat,Karhi-pat,Kadi umdo,Gandhela ,Karibevu,Curry patta,Sla Kori,Kariveppilai,Curry Pata,Gandhela,Kary patta,Bhursanga Patra,Kadhi patta,Girinimba,Kariveppilai,Karivepaku,Kadi ka patta.
"Garlic, big clove",Allium sativum,,Nohoru,Rashun,Lasan,Lehsan,Bellulli,Ruhan,Rynsun heh/ Rynsun dkhar,Vellulli,Chanam,Lasoon,Lasun,Rasuna,Lasan,Lashoonam,Poondu,Vellulli,Laisan.
"Garlic, small clove",Allium sativum,,Nohoru,Rashun,Lasan,Lehsan,Bellulli,Ruhan,Rynsun rit,Vellulli,Chanam,Lasoon,Lasun,Rasuna,Lasan,Lashoonam,Poondu,Vellulli,Laisan.
"Garlic, single clove, Kashmir",Allium sativum,,Nohoru,Ek koya Rashun,Lasan,Lehsan,Bellulli,Ruhan,Rynsun,Vellulli,Chanam,Lasoon,Lasun,Rasuna,Lasan,Lashoonam,Ottrai poondu,Vellulli,Laisan.
"Ginger, fresh",Zinziber officinale,,Ada kesa,Ada,Adu,Adrak ,Shunti,Adrak,Sying bah,Inji,Sing,Ale,Aduwa,Ada,Adrak,Aadrak,Inji,Allam,Adrak.
Mango ginger,Curcuma amada,,Aam ada,Amada,Amba Hardar,Aam adhrak,Mavina hasi sunthi,Adrak,Sying makhir,Mangainji,,Amba haldi,,,Aam adrak,,Mainji,Mamidiallam,Aam adrak.
Mint leaves,Mentha spicata,Mentha,Podina,Pudina,Phudino,Pudina,Pudina,Pudinth,Pudina,Pudina,Nungsihidak,Pudina,Baabari,Pudina Patra,Pudina,,Pudina,Pudina,Pudina.
"Onion, big",Allium cepa,"Bulb onion, Common onion",Piyanj,Peyaj,Kando,Pyaz,Eerulli,Gandha,Piat,Ulli,Tilhou,Kanda,Pyaj,Piaja,Gandhe,Palaanduh,Vengayam,Neerulli/Ullipaya,Pyaaz.
"Onion, small",Allium cepa,"Bulb onion, Common onion",Xoru Piyanj,Gundhun,Dungri (nani),Pyaaz Kali,Chikk Eerulli,Praan,Piat rit,Cheriya Ulli,Tilhou ,Kanda,Chayapi,,Gandhe,,Chinna vengayam,Chinna ullipaya,Pyaaz.
Asafoetida,Ferula assa-foetida,"Food of the Gods, Jowani Badian, Hengu, Ingu, Kayam, Ting",Hing,Hing,Hing,Hing ,Hingu,Yangu,U hing,Perungayam,Hing,Hing,Hing,Hingu,Hing,Badhika,Perugayam,Inguva,Hing.
"Cardamom, green",Elettaria cardamomum,True cardamom,Ilasi,Elach,Alechi,Elaychi,Yelakki,Aal budua aa l,Elaishi,Elakkai,Elaichi,Veldoda,Alaichi,Alaichi,Shoti elaychi,Ela,Elakkai,Elakkai,Elaichi.
"Cardamom, black",Elettaria cardamomum,"Hill cardamom, Bengal cardamom, Greater cardamom, Indian cardamom, Nepal cardamom, Winged cardamom, Brown cardamom",Ilasi,Boro elach,Moti alechi,Badi elaychi,Yelakki,Aal budua aa l,Elaichi,Elathari,Elaichi,Veldoda,Alaichi,Alaichi,Baddi elaychi,Ela,Elakkai,Elakkai,Elaichi.
"Chillies, red",Capsicum annum,Red chilli pepper,Sukan jolokia,Shuckhuo Lonka,Lal marcha (sukha),Mirchi,Ona Menasinakayi,,Sohmynken trykhong,Mulaku,Morok Akangba,Mulaku,Rato Khursani,Lanka,Lal mircha,,Varamilagai,Mirapakaya,Lal mirchi.
Cloves,Syzygium aromaticum,,Long,Lobong,Lavang,Lavang,Lavanga,Ruang,U long,Krambu,Long,Lavang,Luwang,Labang,Long,Lavanga,Krambu,Lavangu,Long.
Coriander seeds,Coriandrum sativum,"Cilantro seeds, Chinese parsley seeds",Dhoniya,Dhone,Sukha dhana,Dhania,Kothambari,Daaniwal,Symbai dhania,Kothambalari,Fadhighom Maru,Dhane,Dhania,Dhania,Dhania,Dhanyaka,Kothamalli vidhai,Dhaniyalu,Dhaniya.
Cumin seeds,Cuminum cyminum,,Jeera,Jire,Jiru,Jira,Jeerage,Zyur,U jeera,Jeerakam,Jeera,Jira,Jeera,Jira,Jira,Jiraka,Jeerakam,Jeelakarra,Jira.
Fenugreek seeds,Trigonella foenum graecum,,Methi,Methi,Methi dana ,Methi,Menthe,Meeth,Symbai methi,Uluva,Methi,Methi,Methi,Methi,Methi,Methe,Venthayam,Menthulu,Methi.
Mace,Myristica fragrans,Nutmeg,,Jayitri,Javantri,Avithri,Jalwatur,Jalwatur,,Jathipatri,,Jaypatri,,Jayitri,Jaipatri,,Jathipatri,Japathri,Javantri.
Nutmeg,Myristica fragrans,"Fragrant nutmeg, True nutmeg",Jaiphal,Jayphal,Jayaphad,Jaiphal,Jayikayi mara,Zaaphal,,Jathikai,,Jayaphala,Jaiphal,Jaiphal,Jaiphal,Jatiphala,Jathikai,Jajikaya,Jaifal.
Omum,Trachyspermum ammi,"Ajwain, Ajowan, Ajowan caraway, Ajman, Bishop`s weed, Carom",Ajwain,Joan,Ajmo,Ajwan,Oma,Jawind,Paspron,Ayamothakam,,Onva,,Juani,Ajwain,Ajamoda,Omum,Vamu,Ajwain.
Pippali,Piper longum,"Long pepper, Indian long pepper",,Pipul,Khus khus,Pipli,Kandan Lippili,,Sohmarit khlaw,Tippali,,Pimpli,,Sarupippali, Javantri,Pippali,Tippili,Pippallu,Pipul.
"Pepper, black",Piper nigrum,Peppercorn,Kola jaluk,Golmarichi,Mari,Kalimirchi,Kari menasu,Marutus,Soh marit,Kurumlaku,,Mire,Marich,Golomarcho,Kalimirchi,"Marich ushna, hapusha",Milagu,Mirayalu,Kaali Mirch.
Poppy seeds,Papaver somniferum,,Afoo guti,Posta,Aphina,Postdana,Afim,Khaskhash,,Afiam,,Khaskhas,Khus Khus,Postak,Khas Khas,Khasa,Khasakhasa,Gasagasalu,Khash Khash.
Turmeric powder,Curcuma domestica,,Halodhi,Holud,Haddar,Haldi,Anashina,Lader,Shynrai,Manjal,Yaingang,Halad,Besar,Haladi,Haldi,Haladi,Manjal,Pasupu,Haldi.
Almond,Prunus amygdalus,,China badam,Badam,Badam,Badam,Badam,Badam,Almon,Vatam kottai,Badam,Badam,Kagji Badam,Badam,Badam,,Badam paruppu,Badam Pappu,Badam.
"Arecanut, dried, brown",Areca catechu,"Areca nut, Betel nut",Sufari,Supari,Sopari,Supari,Adike,Supari,Kwai tyrkhong,Adakka,Kwa Maru,Supari,Supari,Gua,Supari,Puuga,Kottai paakku,Vakka,Supari.
"Arecanut, dried, red color",Areca catechu,"Areca nut, Betel nut",Sufari,Supari,Sopari,Supari,Adike,Supaari,Kwai supari,Adakka,Kwa Maru,Supari,Supari,Gua,Supari,Puuga,Paakku,Vakka,Supari.
"Arecanut, fresh",Areca catechu,"Areca nut, Betel nut",Kesa tamul,Supari,Sopari,Supari,Adike,Supaari,Kwai im,Adakka,Kwa Maru,Supari,Supari,Gua,Supari,Puuga,Paakku,Vakka,Supari.
Cashew nut,Anacardium occidentale,,Kaju badam,Hijli Badam,Kaju,Kaju,Geru beeja,Kaju,Soh kashu,Kasu andi,Kaju,Kaju,Kaju,Lanka ambu,Kaju,,Mundiri paruppu,Jeedi pappu,Kaju.
"Coconut, kernal, dry",Cocos nucifera,,Dab narikol,Narkel,Kopra ni kachli,Nariyal,Thengini kai,Narjil,Snep kor trykhong,Thenga,Yubi Akangba,Narel,,Nadia,Gola,,Kopparai,Endu Kobbari,Khopra.
"Coconut, kernel, fresh",Cocos nucifera,,Narikol,Narkel,Nariyad,Nariyal,Thengina kayi,Narjeel,Snep kor im,Karikku,Yubi,Narel,Naribel,Paida,Nariyal,Naarikela,Thenkai,Kobbari,Nariyel.
"Garden cress, seeds",Lepidium sativum,,Soru manimunni ,Halim,Asadiyo,Halim,Allibija,,,Alivirai,,Ahiva,,,Halim,,Alivirai,Adityala.,
"Gingelly seeds, black",Sesamum indicum,Sesame seeds,Kola til,Til,Kada tal,Til,Acchellu,Til,Nei iong,Ellu,Thoiding Amuba,Til,Teel,Rasi,Til,Til,Ellu,Nuvvulu,Til .
"Gingelly seeds, brown",Sesamum indicum,Sesame seeds,Matia rangar til,Til,Tal,Til,Acchellu,Til,Nei,Ellu,Thoiding,Til,Teel,Rasi,Til,Til,Ellu,Nuvvulu,Til.
"Gingelly seeds, white",Sesamum indicum,Sesame seeds,Boga til,Til,Safed tal,Til,Acchellu,Til,Nei,Ellu,Thoiding Angouba,Til,Teel,Rasi,Til,Til,Ellu,Nuvvulu,Til.
Ground nut,Arachis hypogea,"Peanut, Groundnut, Goober",Badam,China badam,Singdana,Moog phali,Kadale kayi,Moong phalli,Badam,Nilakkadalai,Leibak Hawai,Bhui mug,,China badam,Moog phali,,Verkadalai,Verusenaga,Moog phali.
Mustard seeds,Brassica juncea,,Soriyah,Sorse,Rai,Rai,Sasuve,Assur,Symbai syrso,Kadugu,Hangham Maru,Mohori,Rayo,Sorisa,Rai,Sarssapa,Kadugu,Avalu,Rai.
Linseeds,Linum usitatissimum,"Flax seeds, Common flax",,Tishi,Adsi,Alsi,Agasi,Ailsh,,Cheruchana vithu,,Jawas,,Pesi,Alsi,Atasii,Ali vidai,Avise ginzalu,Alsi.
"Niger seeds, black",Guizotia abyssinica,,Sorguja,Ram til,Kada tal,Kala til,Gurellu,Bazar-Bhang,,Karim jeerakam,,Karale,,,,,Kattelu,Valasulu.,
"Niger seeds, gray",Guizotia abyssinica,,Sorguja,Ram til,Tal,Kala til,Gurellu,Bazar-Bhang,,Karim jeerakam,,Karale,,,,,Kattelu,Valasulu.,
Pine seed,Pinus gerardiana,Pine nut,,,Chilgoza,Chilgoza,,Chilgoza,Symbai soh kseh,,,Jhurane biya,,,Rhi.,,,,
Pistachio nuts,Pistacla vera,,Pista,Pesta,Pista,Pista,Pista,Pista,Pista,Pista,,Pista,Pista,Pista,Pista,,Pista,Pista,Pista.
Safflower seeds,Carthamus tinctorius,,,Kusum,Kusumbo,Kardi,Kusambe,,Symbai tiew sngi,Karadi,,Karadi,,,,,Sendurkan vidhai,Kusuma ginzalu.,
Sunflower seeds,Helianthus annuus,,Beli phular guti,Suraj mukhi,Suraj mukhi na bee,Surya mukhi,Sryakanti bijagalu,,Symbai tiew sngi,Suryakanthi,Numitlei Maru,Surya mukhi,,Surjya Mukhi Manji,Suraj mukhi,,Suryakanthi vidhai,Podduthirugidi puvvu ginzalu.,
Walnut,Juglans regia,,Akhrot,Akhrot,Akhrot,Akhrot,Akrodu,Dhoon,Walnut,Akrottandi,Heijukha,Akhrod,Okhar,Akhoot,Akhrot,,Akhrot,Akrot kaya,Akhrut.
"Jaggery, cane",Saccharum officinarum,,Gur,Gurh,God,Gud,Bella,Gor,Mithai Gur,Vellam,Chini Anganba,Gul,,Guda,Gud,,Mandavellam,Bellam,Gud.
"Sugarcane, juice",Saccharum officinarum,,Kunhiyar,Akher rosh,Sherdino ras,Ganne-ka-ras,Kabbina halu,Ganne rus,Soh Pai,Karumbin neeru,Chuhing,Usacha rasa,,Aakhu Dorua,Ganne-da-ras,,Karumbu charu,Cheruku rasam,Ganne-ke-ras.
"Button mushroom, fresh",Agaricus sp.,"Common mushroom, Portobello mushroom",Mushroom,Banger chata,Biladi no top,,Aanabay/Aanabe,Hadder,Tit budam,Kun koon,Chenghum,Bhoochhtra,,Chatu,Khoomba,,Kaalaan,Putta Godugu.,
"Chicken mushroom, fresh",Lactiporus sp.,,Mushroom,Banger chata,Biladi no top,,Aanabay/Aanabe,Hadder,Tit tyndong,Kun koon,Chenghum,Bhoochhtra,,Chatu,Khoomba,,Kaalaan,Putta Godugu.,
"Shiitake mushroom, fresh",Lentinula sp.,,Mushroom,Banger chata,Biladi no top,,Aanabay/Aanabe,Hadder,,Kun koon,Uyen,Bhoochhtra,,Chatu,Khoomba,,Kaalaan,Putta Godugu.,
"Oyster mushroom, dried",Pleurotus sp.,,,Banger chata,Biladino top,,Aanabay/Aanabe,Hadder,,Kun koon,Chenghum,Bhoochhtra,,Chatu,Khoomba,,Kaalaan,Putta Godugu.,
Toddy,,Palm wine,Tari,Tari,Tadi,Tarai,Henda,,Kiad lieh,,,,,Tadi,Todhi,,,Kallu.,
Coconut Water,,,Dab narikolor pani,Daberjal,Nariyad nu pani,Nariyal ka pani,Thenga neeru,Narji pooen,Um snepkor,Thenga vellam,Yubi Mahi,Naral pani,,Paida pani,Gola da pani,,Ilaneer,Kobbari neeru.,
"Milk, whole, Buffalo",,,Mohor gakhir,Dudha (Mosher),Bhes nu dhudh,Bhains ka dhood,Uemma halu,Doodh,Dud muid,Kerbau paal,Eroi Sanghom,Doodh (Maish),,Mainsi dudha,Maz da doodh,,Erumaipal,Gedha/Barre palu.,
"Milk, whole, Cow",,,Garoor gakhir,Doodh (garu),Gai nu dhudh,Gai ka doodh,Hasuvina halu,Doodh,Dud masi,,San Sanghom,Doodh (gay),,Gai dudha,Gaan da doodh,Gow kshiram,Pasumpaal,Aavu paalu.,
Paneer,,Cottage Cheese,Paneer,Chena,Paneer,Chhena,Tali,Chaman,Paneer,Palkatti,Channa,,,Chhena,Paneer,,Paladai,Paalavirugudu.,
Khoa,,,Khoa,-,Mavo,,,Khoya,Malai khowa,Khoa,,,,Khua,Khoa,,Thirattupal.,Khoa,
