barcode,product_name,brands,energy-kcal_100g,proteins_100g,carbohydrates_100g,fat_100g,sugars_100g,added-sugars_100g,salt_100g,saturated-fat_100g,cholesterol_100g,fiber_100g,nova_group,nutriscore_grade,quantity_g,ingredients_text,URL
8900740227137,ISO GOLD WHEY PROTEIN ISOLATE,One Science,373,90,1.67,1,1.33,,0.833,0.667,,,4,unknown,,"Whey Protein Blend (94%) (Whey Protein Isolate, Whey Protein Hydrolysate), Emulsifier:Sunflower Lecithin, Yoghurt Powder, Flavor (Vanilla), Thickeners (Carrageenan, Xanthan), Sodium Chloride, Sweeteners (Sucralose, Acesulfame K), Emulsifier (Refined Coconut Oil). Contains added flavours.",https://in.openfoodfacts.org/product/8900740227137
8906133020002,Whey Protein Isolate Unflavored,Nakpro,374,90,2.5,0.294,,0,0.000515,0.0588,0,,,unknown,,,https://in.openfoodfacts.org/product/8906133020002
8906143891678,Whey Protein Isolate,The Wholetruth,377,86.9,3.14,2,,,0.643,0.571,0.051,0.571,,unknown,,,https://in.openfoodfacts.org/product/8906143891678
99071001498,Prostar 100% whey protein,Prostar,400,83.33333,6.666667,3.333333,3.333,,0.25,1.666667,,,4,b,,"Protein Blend (Whey Protein Isolate, Whey Protein Concentrate and Whey Peptides), Cocoa, Sodium Chloride, Sucralose, Acesulfame Potassium, Natural and Artificial Flavors, and Soy Lecithin Contains Milk, Soy",https://in.openfoodfacts.org/product/99071001498
5059883230511,Clear Whey Isolate Cola flavour,My Protein,344,83.2,2.4,0.08,,,0.4,,,,,unknown,,,https://in.openfoodfacts.org/product/5059883230511
8906116958919,Biozyme Iso-Zero Whey,MuscleBlaze,363,83.1,4.4,1.48,,,1.07,,,,,unknown,,,https://in.openfoodfacts.org/product/8906116958919
89094022495,"Protein Powder, Strawberries & Cream",Isopure,322.5806,80.64516,,,,,,,,,,unknown,,,https://in.openfoodfacts.org/product/89094022495
748927029864,on gold standard 100% whey protein isolate,on,400,80,6.67,5,3.33,,1.08,3.33,0.2,,,d,2267,,https://in.openfoodfacts.org/product/748927029864
2200929,Nutrilite All Plant Protein Powder,,399.1396,80,3,5,0.1,,1.89275,1,,,,unknown,,,https://in.openfoodfacts.org/product/2200929
8906067022738,Raw Whey Protein 80%,MuscleBlaze,397,80,7.5,5,7,,0.43,4.2,0.189,,,unknown,1000,,https://in.openfoodfacts.org/product/8906067022738
8906067025159,MB Isozero Low Carb Whey Protein,Muscleblaze,356,79.4,4.94,1.85,1,,3.03,0.941,,0,,unknown,,,https://in.openfoodfacts.org/product/8906067025159
748927065817,Whey Protein,ON,383,79,10,3,3,0,0.41,2,0.148,,,unknown,,,https://in.openfoodfacts.org/product/748927065817
8907486301138,SIN EW Instantised Whey Protein Concentrate,SIN EW,398,79,1.5,2.4,1.5,,,1.5,,,,unknown,,,https://in.openfoodfacts.org/product/8907486301138
8904355403559,Whey Protein Chocolate Flavour,Apollo Life,365.04,78.94,5.57,3,2.63,0,0.289975,1.74,0.02,,4,b,,"Whey Protein Isolate (46.88%), Whey Protein Concentrate (46.60%), Cocoa Powder, Chocolate Flavour, Creatine Monohydrate, Natural Caramel Colour (INS150, INS 415), Sweetener (INS 955 & INS 950). Inositol, di-Alpha-Tocopheryl, L-Ascorbic Acid, Retinyl Acetate, Calcium Pantothenate, Pyridoxine Hydroxide, Thiamine Hydrochloride, Cyanocobalamin & Ergocalciferol",https://in.openfoodfacts.org/product/8904355403559
748927066692,Whey,Gold Standard,385,78.9,9.87,3.29,,,0.411,1.64,0.148,,4,unknown,2500,"Protein Blend (93%) (Whey Protein Isolate, Whey Protein Concentrate, Hydrolysed Whey Protein) (Emulsifier: INS 3221), Cocoa Powder (Processed With Alkali), Artificial Flavours (Chocolate, Vanilla), Sweetener (INS 950).",https://in.openfoodfacts.org/product/748927066692
8901262110235,Whey Protein,Amul,400,78,10.8,5,10.8,,0.35,3,0.013,,,unknown,,,https://in.openfoodfacts.org/product/8901262110235
8906045140614,Concentrate Whey Protein Unflavoured,Nutrabay Pure,409,77.9,7.7,7.7,7.7,,0.5525,4,0.308,,4,d,1000,Whey Protein Concentrate (Cross-Flow Microfiltered),https://in.openfoodfacts.org/product/8906045140614
5060746508470,MyProtein Impact Whey Protein - Coffee Caramel,MyProtein,404,76.8,7.6,7.12,4.08,,0.235,4.72,,,4,c,1000,"Whey Protein Concentrate (Emulsifiers (Sunflower Lecithin and Soy Lecithin)) (95%), Artificial Flavour (Coffee Caramel). Colour (150c), Diluent (Maltodextrin), Sweetener (Sucralose).",https://in.openfoodfacts.org/product/5060746508470
5056185745231,MYPROTEIN Impact Whey Protein Strawberry Cream,MYPROTEIN,396,76,8,7.2,4,0,0.00024,4.8,,,4,c,2500,"Whey Protein Concentrate (Emulsifiers (Sunflower Lecithin and Soy Lecithin)) (98%), Artificial Flavour (Strawberry Cream), Beetroot Concentrate (Carrier (Maltodextrin), Acidity regulator (Citric acid)), Sweetener (Sucralose).",https://in.openfoodfacts.org/product/5056185745231
8906116957387,Biozyme Whey Protein - Ice-cream Chocolate,MuscleBlaze,365.5,76,7.5,3.5,0,,,2.39,,,,unknown,,,https://in.openfoodfacts.org/product/8906116957387
810113510811,Collagen Peptides,Gorilla mind,345,75.9,0,0,,,2.07,,,,,unknown,,,https://in.openfoodfacts.org/product/810113510811
8906116950005,Biozyme Whey Protein,Muscleblaze,378,75.8,10.5,3.61,3.73,,1.13,1.97,,,,unknown,,,https://in.openfoodfacts.org/product/8906116950005
89094021177,"Isopure, Low Carb, Dutch Chocolate",Nature's Best,333.3333,75.75758,3.030303,1.515152,,,,,,3.030303,,unknown,,,https://in.openfoodfacts.org/product/89094021177
89094022518,Dutch Chocolate Flavoured Protein Powder,Isopure,333.3333,75.75758,3.030303,1.515152,,,,,,3.030303,,unknown,,,https://in.openfoodfacts.org/product/89094022518
8906143891661,Whey Protein Concentrate,The Whole Truth,379,75.7,7.43,5.14,0,0,0.364,4.29,0.048,0,,unknown,,,https://in.openfoodfacts.org/product/8906143891661
748927060041,Gold Standard 100% Whey Extreme Milk Chocolate Flavour,Optimum nutrition,397,75,13,5,3,,0.39,3,0.125,,4,b,907,"Protein Blend (90%) (Whey Protein Isolate, Whey Protein Concentrate, Hydrolysed Whey Protein) (Emulsifier: INS 3221), Cocoa Powder (Processed With Alkali), Artificial Flavours (Vanilla, Chocolate), Creamer (Edible Vegetable Oil (Sunflower Oil), Maltodextrin, Sodium Caseinate, Mono And Diglycerides, Tocopherols, Tricalcium Phosphate), Sodium Chloride, Sweeteners (INS 950, INS 955). ALLERGENS: Contains MILK and SOY.",https://in.openfoodfacts.org/product/748927060041
5056185745224,Impact Whey Protein (Cookies n cream),My protein,383,75,7.43,5.97,,,,,,,,unknown,,,https://in.openfoodfacts.org/product/5056185745224
8903234621701,Pure whey protein blonde chocolate,,376,75,9.1,4,4.5,,,2.2,,2.6,,unknown,,,https://in.openfoodfacts.org/product/8903234621701
8904221694715,Whey,Atom asitis,375,75,13.1,2.78,,,,1.67,0.086,,,unknown,,,https://in.openfoodfacts.org/product/8904221694715
8904221695668,Whey protein,Asitis,375,75,13.1,2.78,,,,,,,,unknown,,,https://in.openfoodfacts.org/product/8904221695668
8904221697679,Whey Protein DRC,As It Is Nutrition,375,75,12.8,2.78,0,,,1.67,0.086,,,unknown,,,https://in.openfoodfacts.org/product/8904221697679
8906165781995,FuelOne Whey Max,FuelOne,402.5,75,12.8,2.05,2.34,,0.445325,1.07,,,4,b,1000,"Whey Protein Concentrate, Whey Protein Isolate, Cocoa Powder, Nature Identical Flavouring Substances, Emulsifier (INS 322 (i)), Sodium Chloride, Proprietary Enzyme Blend, Sweetener (INS 955), Stabilizer (INS 415) & Anticaking Agent (INS 551).",https://in.openfoodfacts.org/product/8906165781995
5059883239965,The Why Decadent Chocolate,MyProtein,369.18,73.84,9,3.5,3.41,0,1.44,2.12,,2.48,,unknown,,,https://in.openfoodfacts.org/product/5059883239965
8908009186461,SPORT EVOLVE PERFORMANCE PLANT PROTEIN -TROPICAL MANGO,Plix,376.5,73.5,14.7,1.8,0,,,0,,,,unknown,1000,,https://in.openfoodfacts.org/product/8908009186461
8906143891784,Pista Badaam Whey Protein,The Whole Truth,397,73.4,15.1,4.86,,,0.787,2.57,0.042,4.57,,unknown,,,https://in.openfoodfacts.org/product/8906143891784
748927056372,ON Gold Standard 100% Whey Protein,Optimum Nutrition,,73,12,3,9,,1.53924,,,,4,unknown,2270,"Protein Blend (92%), (Whey Protein Isolate, Whey Protein Concentrate, Hydrolysed Whey Protein) (Emulsifier: Say Lecithin), Flavours, Cookie Crumb (Enrich Flour [Wheat Flaur, Niacin, Reduced Iron, Thiamine Mononitrate, Riboflavin, Falic Acid], Sugar, Palm And Palm Kernel Oil, Cocoa Powder Processed With Alkali], High Fryctose Corn Syrup. Corn Flour. Salt, Dextrose, Sodium Bicarbonate, Soy Lecithin), Sodium Lhloride, Thickeners (466, 415, 407), Sweetener (955). ALLERGENS: Contains MILK, WHEAT and SOY.",https://in.openfoodfacts.org/product/748927056372
8906059343612,Maxn Whey Protein,Maxn,378,73,12,3.1,,,1.06,1.7,,,4,unknown,1000,"Whey Protein Concentrate, Whey Protein isolate, Cocoa, Approved Flavour, Sucralose and Acesulfame Potassium.",https://in.openfoodfacts.org/product/8906059343612
8908016716422,Protien Powder - Mango Ice Cream,Fulled,377,72.7,8.42,6.36,3.58,,0.991,3.18,,,,unknown,,,https://in.openfoodfacts.org/product/8908016716422
8906128670380,Protein,Food strong,381.8182,72.12121,15.45455,3.333333,10.61,,,2.727273,,,,unknown,,,https://in.openfoodfacts.org/product/8906128670380
8908019333008,Chocolate Flavour Collgen,Inja Fit,357,72,15,1,0,0,,,,,,unknown,,,https://in.openfoodfacts.org/product/8908019333008
8934043905379,Tata Gofit plant protein,Tata Gofit,372,72,9.6,4,0.4,,2.28,1,,,,d,25,,https://in.openfoodfacts.org/product/8934043905379
8906013183223,Dr. Vaidyas - Dr. Vaidyas Plant Protein Chocolate,,382.1429,71.77143,13.28571,4.657143,0.543,,,1.342857,,1.057143,,unknown,,,https://in.openfoodfacts.org/product/8906013183223
4908409918048,Protein & Herbs For Men,O'Ziva,391,71.7,14.1,5.26,0,,,2.65,,3.81,4,unknown,1000,"Ultrafiltered Whey Protein Concentrate, Cross Flow Filtered Whey Isolate, Alkalized Cocoa (4.95%), Vitamins & Minerals Blend, Herbs Blend [Brahmi (0.47%), Moringa (0.41%), Wheatgrass (0.34%), Ashwagandha (0.31%), Ginseng (0.31%), Musli (0.22%), Chlorella (0.31%)], Papain (0.32%), Bromelain [INS 1101 (ii)], Xanthan Gum (INS 415), Natural Sweetener [Stevia (INS 960)] Contains Naturally Occurring Sugars CONTAINS ADDED FLAVOURS (NATURAL & NATURE IDENTICAL FLAVOURING SUBSTANCES) NO ADDED PRESERVATIVES, NO ARTIFICIAL COLOURS, NO ADDED SUGAR ALLERGEN INFO: Contains milk & milk constituents. Made in a facility that also processes wheat & soy products.",https://in.openfoodfacts.org/product/4908409918048
8906067021199,Whey Protein - rich milk chocolate flavour,Muscleblaze,,71.4,12.4,6.31,,,,4.11,,,4,unknown,,"Whey Protein Blend (Whey Protein Concentrate, Whey Powder & Whey Protein Isolate), Cocoa Powder, Nature Identical Flavouring Substances, Sodium Chloride, Emulsifier (INS 322 (i)), Stabilizer (INS 415), Amylase, Protease, Lactase, Lipase & Cellulase, Sweetener [INS 955) & Anti-Caking Agent (INS 551).",https://in.openfoodfacts.org/product/8906067021199
8906143891654,Cocoa Whey Protein,The Whole Truth,397,71.1,18.3,4.29,2.57,0,0.73,2.29,0.035,4.29,,unknown,,,https://in.openfoodfacts.org/product/8906143891654
8906143891647,Whey Protein,The Whole Truth,381,70.9,18.3,2.86,2.57,,0.427,,,4.57,,unknown,,,https://in.openfoodfacts.org/product/8906143891647
8906143891753,Protein Travel Pack,The Whole Truth,381,70.9,18.3,2.86,2.57,0,0.427,1.43,0.033,4.57,4,a,210,"whey isolate, whey concentrate, coffee, dates, milk, monk fruit juice concentrate, bromelain and sunflower lecithin.",https://in.openfoodfacts.org/product/8906143891753
634359765251,Vegan Protein Powder,Genetic Nutrition,404,70.6,13.3,7.62,1.32,,0.0883,3.18,,,,unknown,1000,,https://in.openfoodfacts.org/product/634359765251
748927066012,performance whey,Optimum nutrition,362,70.6,13.2,2.94,2.94,,0.00083,1.47,,,4,b,1000,"Protein Blend (91%) (Whey Protein Concentrate, Whey Protein Isolate) (Emulsifier: INS 3221), Cocoa Powder (Processed with Alkali), Artificial Flavours (Chocolate, Butter, Cream, Cocoa, Custard), Sodium Chloride, Thickeners (INS 466, INS 415, INS 407), Sweeteners (INS 955, INS 950).",https://in.openfoodfacts.org/product/748927066012
8906143891791,Mango Whey Protein,The Wholetruth,395,70.6,19.4,4,12,,0.808,2.29,0.019,4,,unknown,,,https://in.openfoodfacts.org/product/8906143891791
759159789853,Whey Protein,Nack,318,70,3.6,2.9,2.2,0,1.5,1.3,,,,unknown,,,https://in.openfoodfacts.org/product/759159789853
8902420000160,ANS Next Gen Whey,ANS,385,70,12.8,5.9,1.25,,0.556,,,5,4,unknown,1000,"Proprietary Protein Blend (Whey Protein Concentrate and Skimmed Milk Powder), Cocoa Powder, L-Lysine HCL, L-Glutamine, Sucrose, Emulsifier E415, Flavour Enhancer E1101(ii) Sweetener E955, Class II Preservative E211, Chromium Picolinate.",https://in.openfoodfacts.org/product/8902420000160
8906116958995,Whey,Muscleblaze,391.6,70,15.5,5.51,10.95,,,,,,,unknown,,,https://in.openfoodfacts.org/product/8906116958995
8908009918055,Oziva Protein & Herbs,Oziva,392.45,69.7,17,6.25,4.81,,0.37345,4.18,,4.25,4,b,,"Ultrafiltered Whey Protein Concentrate (84.70%), Cross Flow Filtered Whey Isolate (1.00%), Alkalized Cocoa (5.50%), Vitamins & Minerals Blend (2.55%), Added Natural & Nature - Identical Flavouring Substances (Chocolate others), Herbs Blond [Shatavari Root Extract (0.94%), Flax Seed Extract (0.31%), Green Tea Powder (0.22%), Tulsi Leaf Extract (0.16%), Cinnamon Bark Extract (0.09%), Curcumin Extract (0.06%)], Carica Papaya (Standardised for Papain) (0.30%), Pineapple Stem (Standardised for Bromelain) (0.30%), Xanthan Gum [Thickener (INS 415)], Natural Sweetener [Stevia (INS 960)].",https://in.openfoodfacts.org/product/8908009918055
8908009918284,oziva protein and herbs,oziva,374.32,69.7,24.31,2.36,8.35,,380.4,1.7,,3.89,4,d,500,"Ultrafiltered Whey Protein Concentrate (89.76%), Cross Flow Filtered Whey Isolate (1.00%), Natural & Nature-Identical Flavouring Substances (Vanilla, Almond & others), Vitamins & Minerals Blend (2.55%), Herbs Blend [Shatavari Root Extract (0.94%), Flax Seed Extract (0.31%), Green Tea Powder (0.22%), Tulsi Leaf Extract (0.16%), Cinnamon Bark Extract (0.09%), Curcumin Extract (0.06%)], Carica Papaya (Standardised for Papain) (0.30%), Pineapple Stem (Standardised for Bromelain) (0.30%), Xanthan Gum (Thickener (INS 415)], Natural Sweetener [Stevia (INS 960)]. CONTAINS NATURALLY OCCURRING SUGARS CONTAINS NON-CALORIC SWEETENER wwwed det. Images used are for ad to dagnose, treat, cure or widely and people with with profesionals before use. ARKETED BY Ventures Pvt Ltd. Sah Singh Estate, Caves Rd, Mumbai-400060 Issat Lic. No: 11516005000572 MADE IN INDIA ALLERGEN INFO: Contains milk. Made in a facility that also processes wheat & soy products. NUTRACEUTICAL NOT FOR MEDICINAL USE HOWT ENJOY FOR REAL Contact Eimal Damne Not wit",https://in.openfoodfacts.org/product/8908009918284
8906165781896,Protein powder,Muscleblaze,387.7778,69.44444,15.5,5.111111,12.56,,,3.666667,,,,unknown,,,https://in.openfoodfacts.org/product/8906165781896
8906001024712,Whey Protein Belgian Chocolate,Avvatar,369,68.6,11.7,5.43,0,,1.24,3.71,0.016,2.86,,unknown,,,https://in.openfoodfacts.org/product/8906001024712
19061658,Biozyme Whey PR,MuscleBlaze,389,66.7,17.6,5.62,,,,,,,,unknown,,,https://in.openfoodfacts.org/product/19061658
8906165783890,Biozyne Whey PR - Molten Chocolate Cake,MUSCLEBLAZE,381,66.7,19.1,4.07,5.78,0,1.41,2.58,0.106,0,,unknown,,,https://in.openfoodfacts.org/product/8906165783890
8908015543005,Pineapple flavoured pea protein,,343.4783,65.21739,19.56522,0,0,,,0,,21.30435,,unknown,,,https://in.openfoodfacts.org/product/8908015543005
8906116956571,Muscleblaze Biozyme Whey,Muscleblaze,387,64.9,19,5.66,11.3,0,1.38,3.95,0.158,,,d,1750,,https://in.openfoodfacts.org/product/8906116956571
8906116957844,"Biozyme Performance Whey, Blue Tokai Coffee",Muscle Blaze,378,64.9,17,5.61,11.9,,1.51,4,,,,unknown,,,https://in.openfoodfacts.org/product/8906116957844
8906116958797,Biozyme Performance Whey - Blue Tokai Coffee Flavour,Muscleblaze,378,64.9,17,5.61,11.8,0,,4,0.158,,,unknown,750,,https://in.openfoodfacts.org/product/8906116958797
8906165780868,Biozyme Performance Whey,MuscleBlaze,393,64.9,19.5,6.13,12.8,0,1.12,3.9,0.156,,,d,2000,,https://in.openfoodfacts.org/product/8906165780868
8906165783906,Biozyme Performance Whey,MuscleBlaze,378,64.9,17,5.61,11.8,0,1.51,4,0.158,,,unknown,,,https://in.openfoodfacts.org/product/8906165783906
8906067026392,Fuel One,MuscleBlaze,387,61.5,22.5,5.41,15,,1.28,3.46,,,,unknown,,,https://in.openfoodfacts.org/product/8906067026392
8903236680003,Cosmix Plant Protein,Cosmix,144.54,58.8,30.8,2.12,24,,0.62505,1.18,,3.7,1,b,,"Protein isolate blend (Pea and Rice), Coconut milk powder, Ratnagiri Mango powder, Digestive herb blend (Ginger, Fennel, Fenugreek), Kerala Vanilla bean powder and Monk fruit.",https://in.openfoodfacts.org/product/8903236680003
8903236700305,No Nonsense Plant Protein,Cosmix,380,58.8,30.8,2.13,24,,0.625,1.18,,,,unknown,,,https://in.openfoodfacts.org/product/8903236700305
8906032010982,Nutrela Soya Chunks,Nutrela,354.14,53.19,33.5,0.82,7.18,,0.008,0.19,,0,,b,,"Defatted Soy Once opened, transfer the contents into an airtight container. STORE IN A DRY PLACE. tity: A 1kg 0910% 0.8290390 VALUES IN BRACKET ARE % RDA PER SERVE. RECOMMENDED DIETARY ALLOWANCE CALCULATED ON THE BASIS OF",https://in.openfoodfacts.org/product/8906032010982
8906032018919,Nutrela Soya mini chunks,Nutrela,354.14,53.19,33.5,0.82,7.18,0,0.02,0.19,,,1,b,50,Defatted Soy,https://in.openfoodfacts.org/product/8906032018919
8906032018957,Soya Chunks,Nutrela,354.14,53.19,33.5,0.82,0,,,0.19,,,,unknown,,,https://in.openfoodfacts.org/product/8906032018957
8901088072267,Soya Chunks,Saffola,312,53,30.2,1,2.9,,1.10275,0.3,,15.5,,a,1000,,https://in.openfoodfacts.org/product/8901088072267
8901088077095,Soya Chunk,Saffola,312,53,30.2,1,2.9,,,0.3,,15.5,,unknown,,,https://in.openfoodfacts.org/product/8901088077095
8901088884174,Soya Mini Chunks,Saffola,312,53,30.2,1,2.9,0,1.10275,0.3,0,15.5,1,a,,Defatted Soya,https://in.openfoodfacts.org/product/8901088884174
8906032010999,Nutrela Soya Granules 220gm,Nutrela,345,52,33,0.5,0,,0,0,,,,unknown,220,,https://in.openfoodfacts.org/product/8906032010999
8906144470490,Soya chunks,Nutroya,345,52,33,0.5,,,,,,,,unknown,,,https://in.openfoodfacts.org/product/8906144470490
8908010864013,mini soya chunks(BARI),,,52,33,0.1111,,,,0,,13,,unknown,50,,https://in.openfoodfacts.org/product/8908010864013
8908013398010,Vikas Saxena,Veg pro,345,52,33,0.5,,,,,,,,unknown,60,VegPre SOYA CHUNKS R 10 OF WER 52% COMPLETE PROTEIN PROT EIN LOW CALORIE FOOD ZERO CHOLESTEROL ALL NATUR,https://in.openfoodfacts.org/product/8908013398010
8906097592911,goodeatz Lentil Soup,"Fast&Up,goodeatz",354.2,51.1,26.7,2.8,8,,8.70175,0.52,,8.9,4,c,22,"Pea Protein (57.3%), Edible Starches (Tapioca, Potato), Pink Salt, Flavouring Substances (Natural and Nature Identical), Spices and Condiments, Dehydrated Vegetables (4.7%) (Canned tomato), Toor Dal (4.5%), Inulin (3.3%), Refined Sunflower oil, Thickener (INS 412), Flavour Enhancers (INS 627, INS 631), Anti caking Agent (INS 551), Extracts (Curcumin, Tulsi)",https://in.openfoodfacts.org/product/8906097592911
8901560600223,Soya chunks,,349,51,34,1,16,,0,0,,17,,unknown,100,soya flour,https://in.openfoodfacts.org/product/8901560600223
4549741159241,Bestprice Udon,Topvalu,240,50.8,1.8,6.2,,,,,,,,unknown,71,"Iv.bo IJ-st -28-41 -( 0),UbUT VE t)O71g(bh60g)N RBBUB00EPEE",https://in.openfoodfacts.org/product/4549741159241
701098216310,Soya milk powder,,461,49,22.3,18.7,0,,1.1775,0,,21.4,,unknown,500,,https://in.openfoodfacts.org/product/701098216310
8901058847789,Nestle Resource High Protein,Nestle,372,45,41.7,2.8,0.1,,0.525,0,,5,4,a,1000,"Whey Protein Concentrate(45%), Skimmed Milk Powder,(40%), Maltodextrin, Inulin",https://in.openfoodfacts.org/product/8901058847789
8906011145018,B-Protin Chocolate Flavour,British Biologicals,386,40,52,2,,,0.875,0,,3,4,unknown,200,"Proprietary blend of high quality protein (Whey protein concentrate, Soy protein isolate). Skimmed milk powder, Sucrose, Maltodextrin, Malt extract, Natural cocoa powder, Inulin (Dietary fibre), Oleic sunflower oil powder, Minerals, Vitamins",https://in.openfoodfacts.org/product/8906011145018
8908012289128,Naturamore,Naturamore nutraceutical,357,40,50,2.38,,,0.3,0.1,,,,unknown,350,"is Serving Size 1 scoop (10g) I Servings Per Container 35 Amt. Per Serving (10g) Daly V Thy V Vitamin B5 0.6mg 12 Vitamin B6 0.2mg 10 2 7 Folic Acid 110mcg 56 Vitamin B12 0.4 mcg 40 67 D-Biotin 20 mcg 24 5 mg 110mg Iron 17 Calcium 2 1 5 mg Magnesium Manganese Ð¡opper Selenium 0.3 mg 1 26 20 mcg 2 mcg 15 18 26 Zinc 1.5 mg 22 mg Potassium Sodium 30 mg Phosphorus Omega 3 DHA 50 mg 5.4mg ws you how much a nutrient in a serving of food contribules a avice water Str er v lo ramove lumps before consum MR.P71400/- (Incl, of all taxes)",https://in.openfoodfacts.org/product/8908012289128
8901058890716,Nestle Optifast,Nestle,400,38,38,12,,,,,,6,,unknown,,,https://in.openfoodfacts.org/product/8901058890716
8906007063401,Roasted Soybean,Healthy Treat,445,38,36,14,0,,0.8,0,,0,3,c,200,"SOYABEAN, HIMALAYAN SALT, CAROM SEEDS, DRY MANGO POWDER, BLACK SALT, BAY LEAVES POWDER, FENNEL SEED, ASAFOETIDA, ACIDITY REGULATOR (E296). EDIBLE VEGETABLE OIL (COTTON SEED OIL OR SUNFLOWER OIL). OIL SPRAYED FOR SEASONING APPLICATION ONLY.",https://in.openfoodfacts.org/product/8906007063401
8906116953297,Muscleblaze bgreen Peanut butter,"Muscleblaze,bgreen",618.5,38,12,46.5,,0,,8.44,,,1,unknown,,"Roasted Peanuts, Pea Protein, Brown Rice Protein, Cyanocobalamin.",https://in.openfoodfacts.org/product/8906116953297
9999996994,Seed Cocktail,Eatrite,,37.4,35.8,76.8,1.9,,0.28,11.6,,17.5,3,unknown,180,"Pumpkin, Watermelon, Musk Melon Sunflower, Flax Seeds & Soy Sauce",https://in.openfoodfacts.org/product/9999996994
1240000009521,Ultra Premium Mass Gainer,MassJym,383,37,42,7.41,12.3,8.64,1.17,0.617,0.002,6.17,,unknown,,,https://in.openfoodfacts.org/product/1240000009521
8906067026996,Protein Peanut Butter,"MB,Muscleblaze",578.9,37,19.6,40.1,,0,0.0025,6.7,0.019,4.2,,unknown,750,,https://in.openfoodfacts.org/product/8906067026996
8906136650275,Pintola peanut butter unsweetened,Pintola,610,37,16.3,43,3,,0.052,6,,8,4,a,100,"Peanuts (85%), Whey Protein Concentrate (European Origin) (15%)",https://in.openfoodfacts.org/product/8906136650275
8850291110825,Roasted pumpkin kernels,Tong Garden,,36.7,10,46.7,3.33,,0.593,,,3.33,4,unknown,200,"Pumpkin Kernels, lodised Salt, Packaging gas (Nitrogen (E941)) Vitamin D Calcium Iron Potassium Vitamin A Vitamin B1 Vitamin B2 Vitamin C Manganese Magnesium Copper Phosphorus Vitamin E 0mc 10 mg 23 m 220 m Allergy Information: Processed in a facility that also process sulphites, peanuts, gluten(wheat), dairy, soybeans, sesame seeds and other tree nuts. May contains traces and shell pieces of nuts, sulphites, peanuts, gluten(wheat), dairy, soybeans, sesame seeds and other tree nuts. If you are not completely satisfied with our products, we gladly replace your purchase. Please send this package and product to: 0.1 m 0.1m 12m 180 m 0.4 m 340 m 1.3 m *The % Daily Value(DV) tel a serving of food contribute a day is used for general na Manufactured in Thailand by: TONG GARDEN CO., LTD. 8 Moo1, Lamlukka. Lamlukka, Pathumthani 12150, Thailand lel: +66 2150 1888 Fax: +66 2159 8383 An ISO 22000, GMP & HACCP Certified Company M.R.P.:Rs.2 (Inclusive.of al Packing Date.: Best Before.: Batch No.: Vasna lyava, Sanand Viramgam Highway, 4. Saland, Dist Albmedabad, Gujarat, India 382170 PROPRIETARY FOC (READY TO EAT SAI Email: customer@tonggarden.com",https://in.openfoodfacts.org/product/8850291110825
8901088887557,Soya Bhurji Magic Masala,Saffola,347,36.1,37,10.4,9.5,,,2.6,,19,4,unknown,,"Soy Granules (65%), Seasoning [lodised Salt, Sugar, Spices and Condiments, Starch, Nature-identical Flavouring Substances, Hydrolysed Vegetable Protein, Maltodextrin, Natural Flavouring Substances, Flavour Enhancers (627, 631)], Refined Rice Bran Oil, Dried Vegetables [Onion (6.1%), Garlic, Carrot (0.5%), Green Peas (0.5%)], Natural Flavouring Substances. CONTAINS SOY, SULPHITE. MAY CONTAINS TRACES OF OATS, WHEAT, MILK, NUT",https://in.openfoodfacts.org/product/8901088887557
19378426,formula 1,Herbalife,,36,40,6.4,17,,,,,12,,unknown,500,"For weight control and management Nutritional Shake Mix Nutritious, delicious meal Lic No. 100130043000639 18 vitamins & minerals O HERBALIFE NUTRITION Formula 1 fssai GI",https://in.openfoodfacts.org/product/19378426
4712211212221,Herbalife Formula 1 Nutrional Shake Mix,Herbalife,376.8,36,42,7.2,36,24,1.23,1.6,,12,4,d,,"Soy Protein Isolate, Sugar, Fructose Powder, Whey Protein Concentrate, Lecithin Powder, Oat Fiber, Stabilizer (Guar gum - INS. 412), Inulin, Bulking Agent [Cellulose Powder - INS. 460 (i)], Soyabean Oil Powder, Com Powder, Calcium Caseinate, Potassium Chloride, Artificial vanilla flavouring substances, Diluent [Dicalcium Phosphate - INS. 341 (i)], Minerals##, Sodium Caseinate, Vitamins&quot;, Psyllium Husk Powder, Zingiber officinale Rhizome Powder, Emulsifier (Glyceryl monostearate - INS 471), Sweetener (Sucralose - INS 955), Stabilizer [Dipotassium hydrogen phosphate-INS 340 (ii)], Papain Powder, Antioxidant (Ascorbyl palmitate - INS 304).",https://in.openfoodfacts.org/product/4712211212221
8906133403966,Active mix,Little joy,347.6177,35.29412,46.64706,2.205882,,,,0.882353,,3.558824,,unknown,,,https://in.openfoodfacts.org/product/8906133403966
2000000147562,Tata 1mg Pro+ 2.0 High Protein High Calorie Protein Powder Vanilla,Tata 1mg,455.24,35,44.63,15.98,,0,0.324025,11.98,,3,4,unknown,400,"Protein (Whey Protein Concentrate,Whey Protein Hydrolsate), Fructose, Medium Chain Triglycerides, Dietary Fiber (Insulin), Dicalcium Phosphate, Potassium Chloride, Magnesium Oxide, Sodium Chloride, Artificial Sweetener (INS 955), Preservative (INS 202), Chlorine Bitartrate, Vitamine C, L-Carnitine, L-Taurine, Ferrous Fumarate, Antioxidant (INS 320), Zinc Sulphate, Nicotinamade, D-Alpha Tocopheryl Acetate, Manganese Sulphate, Calcium-D-Panto-Thenate, Cyanocobalamin, Cupric Sulphate, Pyridoxine HCI, Riboflavin, Thiamine, Mononitrate, Retinyl Acetate, Folic Acid, Chromium Picolinate, Potassium Iodide, Phylioquinone, Sodium Selenite, Sodium Molybdate, D-Biotin, Ergocalciferol.",https://in.openfoodfacts.org/product/2000000147562
8901262110068,Sagar Skimmed Milk Powder,Amul,357,35,52,1,52,,1.125,0.6,0.002,,3,unknown,500,Skimmed milk powder,https://in.openfoodfacts.org/product/8901262110068
8906080810237,Skimmed Milk Powder,Farmer Fresh,361,35,52,1.5,,,,,,,1,unknown,500,skimmed milk solids,https://in.openfoodfacts.org/product/8906080810237
900640031375,Protinex Cream Vanilla Flavour,Danone,370,34,55,1.3,13,,0.9,0.7,,,4,c,18,"SKIMMED MILK POWDER, MALTODEXTRIN, SOY PROTEIN ISOLATE, MINERALS (DI CALCIUM PHOSPHATE, FERRIC PYROPHOSPHATE, ZINC SULPHATE, POTASSIUM IODIDE), NATURE IDENTICAL FLAVOURING SUBSTANCES, STABILIZER (GUAR GUM), VITAMINS (CHOLINE BITARTRATE, ASCORBIC ACID, DL-ALPHA TOCOPHERYL ACETATE, NICOTINAMIDE, RETINYL ACETATE, ERGOCALCIFEROL THIAMINE HYDROCHLORIDE, CALCIUM PANTOTHENATE, RIBOFLAVIN, PYRIDOXINE HYDROCHLORIDE FOLIC ACID, D-BIOTIN), SWEETENER (SUCRALOSE)",https://in.openfoodfacts.org/product/900640031375
8901030825545,Horlicks Protein Plus Vanilla Flavour,Unilever Horlicks,374,34,52,4,30,,1.375,3,0.04,3,4,d,200,"Skimmed Milk Powder [(50%) of which Casein (14%)], Protein Products (21%) [Whey Protein Concentrate (15%), Soy Protein Isolate (6%)], Cereal Extract (Barley, Malted Barley, Millet, Wheat), Edible Vegetable Fat Powder (High Oleic Sunflower oil) [Emulsifier (INS 471), Antioxidant (INS 305)], Dietary Fibre (Wheat Dextrin-Soluble Fibre), Nature Identical Flavouring Substances, Minerals, Vitamins, Non-Caloric Sweetener (INS 960). Allergen Information: Contains Soy, Milk, Wheat and Barley.",https://in.openfoodfacts.org/product/8901030825545
8901571009343,Horlicks Protein+ Chocolate,Horlicks,379,34,54,2,22,,,,,,4,unknown,200,"Protein Products (39%) [Whey Protein Concentrate (30%), Soy Protein Isolate (9%)], Cereal Extract (24%), Sugar, Casein (1.1%) [From Milk Solids (5.5%)], Cocoa Powder, Minerals, Wheat Gluten, Nature Identical Flavouring Substances",https://in.openfoodfacts.org/product/8901571009343
8904232858588,Oven roasted turkey,Meal simple,470,34,31,24,,,,,,,,unknown,,,https://in.openfoodfacts.org/product/8904232858588
8906048500361,Protinex Original,Danone,354,34,53.3,0.5,32,,612.5,0.42,,,4,e,400,"Peanut protein hydrolysate (56%), Sugar, Malt extract, Maltodextrin, Minerals (Tribasic calcium phosphate, Ferrous gluconate), Vitamins (Choline bitartrate, Ascorbic acid, Niacinamide, dl-alpha Tocopheryl acetate, Riboflavin, Pantothenol, Thiamine mononitrate, Retinyl palmitate, Pyridoxine hydrochloride, Folic acid, Ergocalciferol, Phytomenadione, d-Biotin, Cyanocobalamin), Natural colour (INS 150a), Artificial flavouring substances (chocolate)",https://in.openfoodfacts.org/product/8906048500361
8906048500668,Protinex Rich Chocolate Flavour 400g Jar,"Danone,Protinex",373,34,54.4,2.1,15,0,0.75,1.5,,,,d,,,https://in.openfoodfacts.org/product/8906048500668
8906048500835,Protinex Original,Protinex,354,34,53.3,0.5,32,29,0.6125,0.42,,,4,d,250,"Peanut protein hydrolysate (56%), sugar, malt extract, maltodextrin, minerals (tribasic calcium phosphate, ferrous gluconate), choline bitartrate vitamins (ascorbic acid, niacinamide, d-alpha tocopheryl acetate, phytomenadione retinyl palmitate, thiamine mdnonitrate, ergocalciferol, riboflavin, pantothenol, pyridoxine hydrochloride, folic acid, cyanocobalamin, d-biotin).",https://in.openfoodfacts.org/product/8906048500835
8906048501450,Beverage Mix - Protinex Creamy Vanilla flavor 400g Jar,Protinex,370,34,55,1.3,13,,0.9,0.7,,,4,e,,"Skimmed milk powder, Maltodextrin, Soy protein isolate, Minerals (Di calcium phosphate, Ferric pyrophosphate, Zinc sulphate, Potassium iodide), Nature identical flavouring substances, Stabilizer (Guar gum), Vitamins (Choline bitartrate, Ascorbic acid, dl-alpha tocopheryl acetate, Nicotinamide, Retinyl acetate, Ergocalciferol, Thiamine hydrochloride, Calcium pantothenate, Riboflavin, Pyridoxine hydrochloride, Folic acid, d-Biotin), Sweetener (INS 955).",https://in.openfoodfacts.org/product/8906048501450
8906048501634,Protinex Classic Bitter,Danone,354,34,53.3,0.5,32,29,0.6125,0.42,,,4,e,750,"Peanut protein hydrolysate (56%), Sugar, Malt extract, Maltodextrin, Minerals (Tribasic calcium phosphate, Ferrous gluconate), Vitamins (Choline bitartrate, Ascorbic acid, Niacinamide, dl-alpha Tocopheryl acetate, Riboflavin, Pantothenol, Thiamine mononitrate, Retinyl palmitate, Pyridoxine hydrochloride, Folic acid, Ergocalciferol, Phytomenadione, d-Biotin, Cyanocobalamin), Natural colour (INS 150a), Artificial flavouring substances (chocolate)",https://in.openfoodfacts.org/product/8906048501634
8906048501672,Protinex,Danone,370,34,55,1.3,13,,0.9,0.7,,,4,c,18,"SKIMMED MILK POWDER, MALTODEXTRIN, SOY PROTEIN ISOLATE, MINERALS (DI CALCIUM PHOSPHATE, FERRIC PYROPHOSPHATE, ZINC SULPHATE, POTASSIUM IODIDE), NATURE IDENTICAL FLAVOURING SUBSTANCES, STABILIZER (GUAR GUM), VITAMINS (CHOLINE BITARTRATE, ASCORBIC ACID, DL-ALPHA TOCOPHERYL ACETATE, NICOTINAMIDE, RETINYL ACETATE, ERGOCALCIFEROL THIAMINE HYDROCHLORIDE, CALCIUM PANTOTHENATE, RIBOFLAVIN, PYRIDOXINE HYDROCHLORIDE FOLIC ACID, D-BIOTIN), SWEETENER (SUCRALOSE)",https://in.openfoodfacts.org/product/8906048501672
8908010900964,Peanut Butter,Pintola,605,33,26,40,16.5,14,0,5,0.015,7,4,c,510,"Peanuts (78%). Organic Jaggery (12%), Whey Protein Concentrate (European Origin) (10%), Allergen info: Contains Nut & Milk",https://in.openfoodfacts.org/product/8908010900964
8908010900988,High Protein Peanut Butter (Organic Jaggery),Pintola,605,33,26,40,16.5,14,0.04475,5,0.015,7,,unknown,1000,,https://in.openfoodfacts.org/product/8908010900988
8908013172238,Phab Protein Bar,Phab,351,32.3,41.1,8.86,15.1,,0.582,3.14,,12,4,a,,"Protein 367 (Soy Protein pranules(175) Whey Protein kolate Probiotic Fretes S+Squerfree Whita Chesslate Milk Solrds, Cocos Solich, Edible Vegetable Fat (Palmi, Humstant (INS (103), Pas Protan Isolate (5), Asian Date Paxt6, Prickste and swansa (6SNZ4 (4603), Psh Oc-Sunro Rated Amad pitcert (266) Great Poun rà¯‡ 2 at Codes rean Ponder (2.1475), Emulsifier (INS 412, N$ 322 (0), ZÃ¡ble common atHimalayan Pink Sal0, Acidity anbaal flavar - rary.rasemary orONS 330), Nature Y PLACE. DOD-High Protein B. - Full COLDAVS CHOCOLATE PRODUCTS Ba ar -(5.1",https://in.openfoodfacts.org/product/8908013172238
8906048500903,protinex mama,"Danone,protinex",360,32,57,1.5,30.5,,420,0.3,,,,e,250,,https://in.openfoodfacts.org/product/8906048500903
8906117403623,Peanut Butter Creamy Unsweetened,The Butternut Co,640,32,15,50,0,,0,0,,,1,a,,Dry roasted Peanuts (100%),https://in.openfoodfacts.org/product/8906117403623
8906136651012,Peanut Butter Creamy (American Recipe),Pintola,598,32,26,40,13,11,0.425,7,0,,,unknown,,,https://in.openfoodfacts.org/product/8906136651012
8908008103469,Peanut Butter Unsweetened,The Butternut Co.,640,32,15,50,3,,,,,,,unknown,,,https://in.openfoodfacts.org/product/8908008103469
8908010900070,Pintola all natural peanut butter (crunchy),,637.5,31.25,18.75,50,3.125,,,6.25,,9.375,,unknown,1000,,https://in.openfoodfacts.org/product/8908010900070
8906127550003,Peanut butter,Alpino,606,31.2,21.9,46.9,3.12,,0.0625,9.38,,9.38,,d,1000,,https://in.openfoodfacts.org/product/8906127550003
8904256715492,Protein Bar,BB Good Diet,477,30.8,40,21.5,,,,,,,,unknown,,,https://in.openfoodfacts.org/product/8904256715492
8906143891302,Peanut Cocoa Protein bar,The Whole Truth,519,30.7,29.6,30.9,19.9,,0.294,8.51,0.117,5.82,1,d,67,"peanuts, dates, whey protein blend (concentrate + Isolate), cocoa butter, cocoa powder.",https://in.openfoodfacts.org/product/8906143891302
8908005144182,20G protein bar cranberry blast,Yoga bar,460,30.7,35.6,21.7,21.1,,0.27,3.86,,13.7,,unknown,,,https://in.openfoodfacts.org/product/8908005144182
8904335600671,Peanut butter,YogaBar,632,30.6,14,50.4,0.5,0,0,12,,6.2,,d,400,,https://in.openfoodfacts.org/product/8904335600671
8906120106337,Protein Mix,Farmley,618,30.3,11.6,50,,,,8.53,,,,unknown,200,,https://in.openfoodfacts.org/product/8906120106337
8906143891296,Coffee Cocoa,The Whole Truth,510,30.3,32.1,29,17.8,,0.456,7.31,,10.6,,d,67,,https://in.openfoodfacts.org/product/8906143891296
1241000224,Threptin,Threptin,438,30,48,14,30,30,,7,,,4,unknown,275,"Casein, Sucrose, Precooked Rice Flour, Edible Vegetable Fat, Bengal Gram, Raising Agent [500 (ii)], Natural Colour (150 c), Emulsifier, Vitamins, Acidity Regulator (525) and Antioxidant (304).",https://in.openfoodfacts.org/product/1241000224
8901401000465,Threptin Diskettes,Threptin,438,30,48,14,23,,,7,,23,4,unknown,275,"Casein, Sucrose, Precooked Rice Flour, Edible Vegetable Fat, Malt Ext Bengal Gram, Raising Agent [500 (ii)], Natural Colour (150 c), Emulsifier (322), Vitamins Antioxidant (304). CONTAINS PERMITTED NATURAL COLOUR AND ADDED ARTIFICIAL FLAVOURING SUBSTANCES (VANILLA-BUTTERSCOTCH). Contains: Soy APPROXIMATE COMPOSITION (per 100 g) Protein (mainly Casein) g Carbohydrate",https://in.openfoodfacts.org/product/8901401000465
8906009532158,Max Protein Ultimate,Rite bite,336,30,46.6,10.6,2.8,,,2.8,,10,,unknown,,,https://in.openfoodfacts.org/product/8906009532158
8906011145247,Medislim,,386,30,62,2,,,,,,7,,unknown,,,https://in.openfoodfacts.org/product/8906011145247
8906116955949,Creamy Dark Chocolate Peanut Butter,Muscle Blaze,610.14,30,21.85,45.42,18.32,,0.16395,12.76,0.01,3.02,4,d,750,"Roasted Peanuts (54.5%), Dark Chocolate (Sugar, Cocoa Solids (18%), Cocoa Mass (3%), Vegetable Fat & Emulsifier (INS 322 (i) & INS 476), (Pea Protein) (Whey Protein Concentrate) & Stabilizer (INS 471).",https://in.openfoodfacts.org/product/8906116955949
8906127550140,Peanut Butter,Alpino,625,30,18,49,3,,0.0625,12,0,6,,d,400,,https://in.openfoodfacts.org/product/8906127550140
8908010900049,Peanut Butter,Pintola,639,30,18,49,3,0,0.0475,7,0,9,1,a,350,_Peanuts_ 100%,https://in.openfoodfacts.org/product/8908010900049
8908010900087,Pintola organic peanut butter,Pintola,639,30,18,49,3,0,0.0475,7,,9,,c,350,,https://in.openfoodfacts.org/product/8908010900087
8908010900384,Pintola Peanut Butter,pintola,639,30,18,49,3,0,0.0475,7,0,9,1,a,1000,_Peanuts_ 100%,https://in.openfoodfacts.org/product/8908010900384
8906009531311,Choco Slim Bar,,398.5075,29.85075,47.76119,16.26866,0,,0.828358,3.58209,,7.462687,,unknown,,,https://in.openfoodfacts.org/product/8906009531311
8908005144311,yoga bar 20g protein hazelnut,Yoga bar,464,29.7,34.6,23,8.57,,1.09,4.43,,14.3,,c,,,https://in.openfoodfacts.org/product/8908005144311
8906112660540,Antioxydant mix,,595.5,29.1,20.7,44,0,,,12.4,,13.86,,unknown,,,https://in.openfoodfacts.org/product/8906112660540
8908005144175,Yoga Bar,Yoga bar,466,28.7,36.6,22.7,22.1,,0.107,3.14,,14.3,,unknown,,,https://in.openfoodfacts.org/product/8908005144175
51111407592,Birthday Cake Protein Oats,Freaking Protein Oats,364,28.6,51.9,7.79,3.9,0,0.649,1.95,,26,,unknown,,,https://in.openfoodfacts.org/product/51111407592
8901512144201,Peanut Butter 100% Natural Creamy,Sundrop,639,28.6,15.4,53,4.7,,0.01225,9.4,,6.8,1,b,924,Roasted Peanuts,https://in.openfoodfacts.org/product/8901512144201
8906009532509,Max protein,RiteBite,423,28.6,46.4,18.9,2.14,,0.871,3,0,7.14,,unknown,,,https://in.openfoodfacts.org/product/8906009532509
8906067025371,Choco Almond Protein Bar,Muscle Blaze,423,28.6,39.2,19.1,,,,,,10.1,,unknown,,,https://in.openfoodfacts.org/product/8906067025371
8901512144904,Peanut Butter 100% Natural Crunchy,Sundrop,639,28.3,15.5,53.4,4.3,,0.01175,10.1,,8.4,1,b,924,Roasted _Peanuts_,https://in.openfoodfacts.org/product/8901512144904
8906113441964,Nutty Beurre De Cacahuete,Nutty,684.375,28.125,14.0625,56.25,4.688,,,10.3125,,11.25,,unknown,510,,https://in.openfoodfacts.org/product/8906113441964
8906112661790,7-in-1 Mix,True Elements,571,28.1,26.8,39,0,,0.195,7.9,,18.5,1,c,,"Seeds (58% - Pumpkin, Watermelon, Sunflower), Flax Seeds (13%), Sesame Seeds (10%), Soynut (10%), Chia Seeds (9%), Rosemary Extract.",https://in.openfoodfacts.org/product/8906112661790
8906005509277,Classic salted peanuts,,638,28,13,53,,,,10,,2,,unknown,,,https://in.openfoodfacts.org/product/8906005509277
8906069403306,VEEBA PEANUT BUTTER UNSWEETENED,VEEBA,652,28,18,52,4,,0.075,10.4,,,1,c,,Roasted Peanuts (100.0%).,https://in.openfoodfacts.org/product/8906069403306
8901512881205,Sundrop Peanut Butter Regular,Sundrop,610,27.9,19.8,49,9.8,5,0.455,11,,11,,d,,,https://in.openfoodfacts.org/product/8901512881205
8908000385351,Masala peanut,Dev,630,27.6,20,48.5,8.4,,1.1,7.2,0,6.8,1,d,150,"Peanut, Palmolein Oil, Pepper Powder, Chilli Powder, Asafoetida, Salt & Curry Leaves ALLERGY ADVICE: CONTAINS PEANUT",https://in.openfoodfacts.org/product/8908000385351
8908016716590,Protien Bar - Fudge,Fuelled,375,27.3,38.2,18.2,3.64,,0.155,5.45,,25.5,,unknown,,,https://in.openfoodfacts.org/product/8908016716590
8904221699383,asitis,asitis,,27,1,0,0,,0,,,0,,unknown,500,,https://in.openfoodfacts.org/product/8904221699383
8904442611980,Snack kabanossi,Duda,548,27,2,48,1.5,,3.740157,18,,,,unknown,,,https://in.openfoodfacts.org/product/8904442611980
8906116956946,Protein Peanut Butter,Muscleblaze,569,27,30,40,20.3,15.8,,11.5,,9.71,,unknown,,,https://in.openfoodfacts.org/product/8906116956946
8901512144706,Peanut Butter Regular Creamy,Sundrop,647,26.8,15.2,55,11.7,,0.5375,14.8,0,7.8,4,c,924,"Roasted Peanuts (90%), Sugar, Stabilizer (Mono and Diglycerides of Fatty Acids), Refined Edible Groundnut Oil (TBHQ) & lodized Salt.",https://in.openfoodfacts.org/product/8901512144706
8901512881106,Peanut Butter Regular,Sundrop,647,26.8,15.2,55,11.7,6.5,0.5375,14.8,0,7.8,,d,1000,,https://in.openfoodfacts.org/product/8901512881106
8906067028846,Healthkart Nouriza Dark chocolate peanut butter,"Healthkart,Nouriza",565,26.66,31.34,38.8,17.4,,,13.24,0.016,8.13,,unknown,1000,,https://in.openfoodfacts.org/product/8906067028846
8906069401210,Peanut butter,veeba,630.78,26.35,18.8,50.02,7.89,,0.914775,3.41,,,4,c,925,"ROASTED PEANUTS (91.0%), SUGAR, EMULSIFIER AND STABILIZER (INS471) AND IODISED SALT",https://in.openfoodfacts.org/product/8906069401210
8906002001156,Peanut butter creamy,Dr.Oetker FunFood,641.5,26.3,19.3,51,7.5,,,10.4,,,,unknown,925,,https://in.openfoodfacts.org/product/8906002001156
8906002004447,FUNFOODS PEANUT BUTTER,Dr. Oetker,641.5,26.3,19.3,51,7.5,,,10.4,,,4,unknown,925,"Roasted Peanuts (91%), Sugar, Stabilizer (INS471), Iodised Salt",https://in.openfoodfacts.org/product/8906002004447
8906002006236,Dr. Oetker Peanut Butter,Dr. Oetker,642,26.3,19.3,51,7.5,,,10.4,,,,unknown,400,,https://in.openfoodfacts.org/product/8906002006236
8903363002181,Methi,DMart Premia,333.4,26.2,44.1,5.8,0.55,0,0.1005,0.77,0,,1,not-applicable,100,Fenugreek Seed,https://in.openfoodfacts.org/product/8903363002181
8901262010511,Peanut spread,Amul,624,26,20,50,6.5,,0.155,12,,0,,d,,,https://in.openfoodfacts.org/product/8901262010511
8901512141705,Peanut Butter,Sundrop,642,26,20,51,9,,0.875,9.5,,5,4,c,924,"Roasted Peanuts, Sugar, Stabilizer (Mono and Diglycerides of Fatty Acids), Peanut Oil & Salt.",https://in.openfoodfacts.org/product/8901512141705
8904063240170,Classic Salted Peanuts,Haldiram's,610,26,18.5,48,0.5,,1.825,24,,,3,d,,"Peanuts (89%), Edible Vegetable Oil (Palmolein, cotton Seed, Rice Bran) and lodised Salt (1.6%).",https://in.openfoodfacts.org/product/8904063240170
8904063253842,Salted peanuts,Haldiram's,610,26,18.5,48,0.5,,1.825,24,,,1,d,200,"Peanuts (89%), Edible Vegetable Oil Edil (Palmolein/ cotton Seed) and lodised Salt (1.6%) formation:",https://in.openfoodfacts.org/product/8904063253842
8904120400745,Peanut Butter,Abbieâ€™s,630,26,19,50,,,,,,,,unknown,,,https://in.openfoodfacts.org/product/8904120400745
8904327600399,Myfitness Peanut butter,Myfitness,625,26,19,50,10,7,0.875,10,,5,4,d,510,"Roasted Peanuts, Brown Sugar, Pink Himalayan Salt, Permitted Stabilizing Agent (INS 471)",https://in.openfoodfacts.org/product/8904327600399
8904327600405,Myfitness Chocolate Peanut Butter,Myfitness,625,26,19,50,10,,0.875,10,,,4,e,510,"Roasted Peanuts, Dark Chocolate, Brown Sugar, Salt, Stabilizer (INS471). Allergen Info: Contains Peanuts And Soya Peanut Butter (Proprietary Food-4.2.2.5)",https://in.openfoodfacts.org/product/8904327600405
8904327600450,Peanut Butter,My Fitness,625,26,19,50,10,7,0.875,10,,5,4,c,1250,"Roasted Peanuts, Brown Sugar, Pink Himalayan Salt, Stabilizer (INS471). Allergen Info Contains Peanuts And Soya",https://in.openfoodfacts.org/product/8904327600450
8906091148480,GXN Peanut butter,GXN,534,26,19,39,13,,,10,,5,,unknown,,,https://in.openfoodfacts.org/product/8906091148480
8908001954051,Peanut Roast Salted,Sanjay Condiments,630,26,20,49,,,,,,21.1,1,unknown,200,"Roasted Peanuts, lodised Salt",https://in.openfoodfacts.org/product/8908001954051
8908006989508,Peanut butter chikki,Nutritius,516,26,47,25,,,,,,6,,unknown,,,https://in.openfoodfacts.org/product/8908006989508
8908010900179,Peanut Butter,Pintola,625,26,19,50,10,,0.875,10,0,5,4,c,1000,"Roasted Peanuts, Sugar, Iodised Salt, Stabilizer (INS471)",https://in.openfoodfacts.org/product/8908010900179
850015415876,Veggie Chicken,Good dot,183.46,25.92,11.8,3.62,,,,,,,,unknown,250,,https://in.openfoodfacts.org/product/850015415876
8904335600732,Dark Chocolate Peanut Butter,Yogabar,634,25.9,20,50.3,10,8.75,0.0133,13.1,,19.7,,d,1000,,https://in.openfoodfacts.org/product/8904335600732
8906016420257,Roasted Peanuts plain,,673,25.8,12.2,57.9,0,,0,0,,,,unknown,,,https://in.openfoodfacts.org/product/8906016420257
8901030857973,Kissan peanut butter,Kissan,627,25.7,20.7,49.3,10.7,,0.672,9.33,,8.67,3,c,350,"Roasted Peanuts 90% , sugar , edible vegetable oil , salt",https://in.openfoodfacts.org/product/8901030857973
8908004096017,Salted Peanuts,Panjwani,609.62,25.64,19.26,47.78,0,,1.822,7.86,,17.98,,unknown,,,https://in.openfoodfacts.org/product/8908004096017
8904083100485,Chicken breast,Zorabian,114,25.6,,1.3,,,,,,,,unknown,,,https://in.openfoodfacts.org/product/8904083100485
8906002001163,Peanut Butter (beurre de cacahouÃ¨te),Dr. Oetker,636,25.6,20.3,50.3,7.7,,0,10.1,,,,d,,,https://in.openfoodfacts.org/product/8906002001163
8906002004454,Peanut Butter,"funfoods,Dr. Oetker",636.4,25.6,20.3,50.3,7.7,,,10.1,,,3,unknown,925,"Roasted Peanuts (91%), Sugar, Edible Vegetable Fat (Soyabean), lodised Salt.",https://in.openfoodfacts.org/product/8906002004454
8906002006083,Funfoods Peanut Butter Crunchy,Dr. Oetker,636.4,25.6,20.3,50.3,7.7,,0.864,10.1,,,3,d,125,"Roasted Peanuts (91%), Sugar, Edible Vegetable Fat (Soyabean), lodised Salt. CONTAINS NUT.",https://in.openfoodfacts.org/product/8906002006083
8906002008544,Dr. Oetker Funfoods Peanut Butter,"Dr. Oetker,Funfoods",636.4,25.6,20.3,50.3,7.7,6.1,0.864,10.1,,,3,d,,"Roasted Peanuts (91%), Sugar, Edible Vegetable Fat (Soyabean), lodised Salt.",https://in.openfoodfacts.org/product/8906002008544
8906001022930,Muscle Gainer,,222,25.5,24,2.5,,,,,,5,,unknown,,,https://in.openfoodfacts.org/product/8906001022930
8906089380304,Soklet,Regal foods and Beverages,478,25.5,52,19.25,0,,,5.75,,,3,unknown,50,"Cacao beans, Cacao butter, Skimmed Milk Powder",https://in.openfoodfacts.org/product/8906089380304
8903363006820,Badam Almond Kernels,DMart Swaad,642.21,25.1,11.59,55.05,5.51,0,0.001925,4.66,0,,,d,500,Almond Kernels,https://in.openfoodfacts.org/product/8903363006820
8906143890053,Unsweetened Peanut Butter,The Whole Truth,651,25.1,17.7,53.4,3.43,0,0.065,5.14,0,8.57,1,a,,peanuts 100%,https://in.openfoodfacts.org/product/8906143890053
8901262180429,High Protein Paneer,Amul,170,25,4,6,4,,0.475,4,0.015,,,b,,,https://in.openfoodfacts.org/product/8901262180429
8902082806865,Grandma's Peanut Butter,Grandma's,661,25,30,49,5,,0.465,10,,3,,d,200,,https://in.openfoodfacts.org/product/8902082806865
8904256721745,High Protein Mixture,BB Good Diet,378,25,57,5.5,,,,,,21.5,,unknown,,,https://in.openfoodfacts.org/product/8904256721745
8904296902104,Fabsta Peanut Butter Creamy,Tata,624,25,23,48,6,3,0.7,11,0,,4,d,420,"Peanut (90%), Sugar, Edible Vegetable Fat (Fully Hydrogenated Soyabean Oil), lodised Salt, Emulsifier (INS 471). ALLERGEN ADVICE: Contains Nut & Soy.",https://in.openfoodfacts.org/product/8904296902104
8904327600382,Myfitness Original Peanut Butter (Smooth),Myfitness,625,25,18.8,50,9.38,6.25,0.875,9.38,,6.25,4,c,510,"Roasted Peanuts, Brown Sugar, Pink Himalayan Salt, Permitted Stabilizing Agent (INS 471)",https://in.openfoodfacts.org/product/8904327600382
8904327600931,Myfitness Chocolate peanut butter,,615.625,25,18.75,46.875,9.375,,0.867188,9.375,,6.25,,unknown,510,,https://in.openfoodfacts.org/product/8904327600931
8906050581143,Peanut butter,Fric Bergen,638,25,22.3,50.4,6.15,,0.548,10,,,,e,,,https://in.openfoodfacts.org/product/8906050581143
8906055440568,Organic Peanuts,Organic Tattva,620,25,17,50,4,,0.0125,9,,9,1,b,500,peanuts,https://in.openfoodfacts.org/product/8906055440568
8908003392219,Peanut Butter Crunchy,Happy,625,25,19,50,,,0.875,10,,5,,unknown,,,https://in.openfoodfacts.org/product/8908003392219
8908004238479,Origin nutrition protein,Origin nutrition,140,25,7.7,1.1,,,,,,,,unknown,,,https://in.openfoodfacts.org/product/8908004238479
