code,product_name,brands,categories,nova_group,nutriscore_grade,url
8901262010320,Amul Butter,AMUL,"Dairies,Fats,Spreads,Spreadable fats,Animal fats,Dairy spreads,Milkfat,Butters",4,e,http://world-en.openfoodfacts.org/product/8901262010320/amul-butter
8901262020343,Amul Pizza Cheese,Amul,Cow mozzarella,3,c,http://world-en.openfoodfacts.org/product/8901262020343/amul
8901262261425,Amul A2 Gir Cow Fresh Milk,Amul,"Dairies, Milks (liquid and powder), Milks, Cow milks, en:whole-milks",1,c,http://world-en.openfoodfacts.org/product/8901262261425/amul-a2-gir-cow-fresh-milk
8901262071017,Amul Belgian chocolate,Amul,Chocolate bars,4,unknown,http://world-en.openfoodfacts.org/product/8901262071017/amul-belgian-chocolate
8901262201995,Amul Buttermilk,Amul,"Dairies,Fermented foods,Fermented milk products,Buttermilks",3,a,http://world-en.openfoodfacts.org/product/8901262201995/amul-buttermilk
8901262170093,Amul Butterscotch Bliss,Amul,"Desserts,Frozen foods,Frozen desserts,Ice creams and sorbets,Ice creams",4,c,http://world-en.openfoodfacts.org/product/8901262170093/amul-butterscotch-bliss
8901262174480,Amul Butterscotch Gold,Amul,ice creams,4,unknown,http://world-en.openfoodfacts.org/product/8901262174480/amul-butterscotch-gold
2000000136641,Amul Cheese Slices,Amul,"Dairies, Fermented foods, Fermented milk products, Cheeses, Processed cheese, Processed cheese in slices",4,e,http://world-en.openfoodfacts.org/product/2000000136641/amul-cheese-slices
8901262176224,Amul Chocobar Probiotic,Amul,"Desserts,Frozen foods,Frozen desserts,Ice creams and sorbets,Ice creams,Ice cream bars",4,c,http://world-en.openfoodfacts.org/product/8901262176224/amul-chocobar-probiotic
8901262172448,Amul Chocolate Brownie,Amul,"Chocolate icecream, Icecream",4,d,http://world-en.openfoodfacts.org/product/8901262172448/amul-chocolate-brownie
8901262030519,Amul Cow Ghee,Amul,"Fats,Animal fats,Butter fat,Clarified butter,Ghee",2,unknown,http://world-en.openfoodfacts.org/product/8901262030519/amul-cow-ghee
8901262030908,Amul Cow Ghee,Amul,ghee,2,e,http://world-en.openfoodfacts.org/product/8901262030908/amul-cow-ghee
8901262260374,Amul Cow Milk,Amul,"Dairies,Milks (liquid and powder),Milks",1,c,http://world-en.openfoodfacts.org/product/8901262260374/amul-cow-milk
8901262202381,Amul Curd,Amul,Curd,1,b,http://world-en.openfoodfacts.org/product/8901262202381/amul-curd
8901262151863,Amul Fresh Cream,Amul,"Dairies, Fermented foods, Desserts, Fermented milk products, Creams, Dairy desserts, Milks, Fermented dairy desserts, fr:Fromages blancs, Fresh cream cheese with cow's milk",1,e,http://world-en.openfoodfacts.org/product/8901262151863/amul-fresh-cream
8901262150118,Amul Fresh Cream 1ltr,Amul,"Creams,Dairies",1,unknown,http://world-en.openfoodfacts.org/product/8901262150118/amul-fresh-cream-1ltr
8901262300520,Amul Frostik Gold,Amul,"Desserts,Frozen foods,Frozen desserts,Ice creams and sorbets,Ice creams,Ice cream bars,Ice cream bars coated with chocolate",4,unknown,http://world-en.openfoodfacts.org/product/8901262300520/amul-frostik-gold
8901262070058,Amul Fruit 'N&quot; Nut,Amul,"Snacks, Sweet snacks, Cocoa and its products, Chocolates, Dark chocolates, en:confectioneries",4,d,http://world-en.openfoodfacts.org/product/8901262070058/amul-fruit-n-nut
8901262150989,Amul Gold,Amul,"Dairies, Milks, Homogenized milks, Pasteurised milks, Cow milks",1,c,http://world-en.openfoodfacts.org/product/8901262150989/amul-gold
8901262260107,Amul Gold Milky Milk,Amul,"Dairies,Milks,Full cream milk",1,b,http://world-en.openfoodfacts.org/product/8901262260107/amul-gold-milky-milk
8901262202299,Amul High Protein,Amul,Curd,1,b,http://world-en.openfoodfacts.org/product/8901262202299/amul-high-protein
8901262151931,Amul Kadhai Doodh,Amul,dairy drinks,3,e,http://world-en.openfoodfacts.org/product/8901262151931/amul-kadhai-doodh
8901262152211,Amul Kool Kesar Flavour 180ml,Amul,"Beverages and beverages preparations,Beverages,Dairies,Dairy drinks,Fruit and milk beverages",4,e,http://world-en.openfoodfacts.org/product/8901262152211/amul-kool-kesar-flavour-180ml
8901262152341,Amul Kool Premium Kesar Flavour,Amul,"Beverages and beverages preparations,Beverages,Dairies,Dairy drinks",4,e,http://world-en.openfoodfacts.org/product/8901262152341/amul-kool-premium-kesar-flavour
8901262151726,Amul Lactose Free250ml,Amul,"Dairies,Milks",3,e,http://world-en.openfoodfacts.org/product/8901262151726/amul-lactose-free250ml
8901262202046,Amul Lassi,Amul,"Beverages and beverages preparations, Beverages, en:yogurt-drinks",4,e,http://world-en.openfoodfacts.org/product/8901262202046/amul-lassi
8901262200189,Amul Lassi 200ml,Amul,"Beverages, Dairies, Fermented foods, Fermented milk products, Desserts, Dairy desserts, Dairy drinks, Fermented dairy desserts, Fermented drinks, Yogurts, Fermented milk drinks, Drinkable-yogurts, Lassi, en:yogurt-drinks",4,e,http://world-en.openfoodfacts.org/product/8901262200189/amul-lassi-200ml
8901262151696,Amul Lassi 250 ml,Amul,"Beverages, Dairies, Fermented foods, Fermented milk products, Desserts, Dairy desserts, Dairy drinks, Fermented dairy desserts, Fermented drinks, Yogurts, Fermented milk drinks, Drinkable-yogurts, Dairy based drink, en:yogurt-drinks",4,e,http://world-en.openfoodfacts.org/product/8901262151696/amul-lassi-250-ml
8901262180146,Amul Malai Paneer,Amul,"Dairies,Fermented foods,Fermented milk products,Cottage cheeses,Paneer",3,c,http://world-en.openfoodfacts.org/product/8901262180146/amul-malai-paneer
8901262200622,Amul Masti,Amul,"Dairies,Fermented foods,Fermented milk products,Desserts,Dairy desserts,Fermented dairy desserts,Yogurts,Curd",1,b,http://world-en.openfoodfacts.org/product/8901262200622/amul-masti
8901262201124,Amul Masti Dahi,Amul,"Dairies, Fermented foods, Desserts, Fermented milk products, Dairy desserts, Fermented dairy desserts, Yogurts",1,a,http://world-en.openfoodfacts.org/product/8901262201124/amul-masti-dahi
8901262200196,Amul Masti Spiced Buttermilk 200ml,Amul,"Beverages, Dairies, Fermented foods, Fermented milk products, Milks, Buttermilks",4,c,http://world-en.openfoodfacts.org/product/8901262200196/amul-masti-spiced-buttermilk-200ml
8901262151269,Amul Moti125ml,Amul,"Dairies,Milks,Cow milks",1,c,http://world-en.openfoodfacts.org/product/8901262151269/amul-moti125ml
4901960000016,Amul Pasteurised Butter,Amul,"Dairies,Butters",4,unknown,http://world-en.openfoodfacts.org/product/4901960000016/amul-pasteurised-butter
8901262220965,Amul Pizza Margherita,Amul,"Meals,Pizzas pies and quiches,Pizzas,Vegetarian pizzas,Cheese pizzas",4,d,http://world-en.openfoodfacts.org/product/8901262220965/amul-pizza-margherita
8901262130325,Amul Pro Chocolate 500g pp,Amul,"Beverages, Sweetened beverages",4,e,http://world-en.openfoodfacts.org/product/8901262130325/amul-pro-chocolate-500g-pp
8901262152556,Amul Saffron Doodh,Amul,"Beverages and beverages preparations,Beverages,Dairies,Dairy drinks",3,unknown,http://world-en.openfoodfacts.org/product/8901262152556/amul-saffron-doodh
8901262201001,Amul Spiced Buttermilk,Amul,"Dairies,Fermented foods,Fermented milk products,Milks,Buttermilks",4,unknown,http://world-en.openfoodfacts.org/product/8901262201001/amul-spiced-buttermilk
8901262201896,Amul Stirred Fruit Yogurt Strawberry,Amul,Fruit yogurts with fruit chunks,4,c,http://world-en.openfoodfacts.org/product/8901262201896/amul-stirred-fruit-yogurt-strawberry
8901262071048,Amul Sugar free chocolate,Amul,"Snacks, Sweet snacks, Cocoa and its products, Chocolates, Sugar free chocolate, en:chocolate-candies",4,d,http://world-en.openfoodfacts.org/product/8901262071048/amul-sugar-free-chocolate
8901262150088,Amul Taaza 200ml,Amul,"Dairies,Milks,Whole milks",1,c,http://world-en.openfoodfacts.org/product/8901262150088/amul-taaza-200ml
8901262150217,Amul Taaza milk 500ml,Amul,"Dairies, Milks, Toned milk, en:whole-milks",1,c,http://world-en.openfoodfacts.org/product/8901262150217/amul-taaza-milk-500ml
8901262174244,Amul Vanilla Gold,Amul,"Desserts, Frozen foods, Frozen desserts, Ice creams and sorbets, Ice creams, en:ice-cream-tubs",4,d,http://world-en.openfoodfacts.org/product/8901262174244/amul-vanilla-gold
8901262010436,Amul White Unsalted Butter,Amul,Butter,2,unknown,http://world-en.openfoodfacts.org/product/8901262010436/amul-white-unsalted-butter
8901262030601,Amul cow ghee,Amul,"Dairies, Fats, Spreads, Spreadable fats, Animal fats, Milkfat, Dairy-spread, Butters",2,unknown,http://world-en.openfoodfacts.org/product/8901262030601/amul-cow-ghee
8901262020541,Amul diced cheese blend (mozzarella and cheddar cheese blend),Amul,"Dairies,Fermented foods,Fermented milk products,Cheeses,Cow cheeses,Stretched-curd cheeses,Mozzarella,Cheddar cheese",3,c,http://world-en.openfoodfacts.org/product/8901262020541/amul-diced-cheese-blend-mozzarella-and-cheddar-cheese-blend
8901262031059,Amul ghee,Amul,"Dairies,Fats,Spreads,Spreadable fats,Animal fats,Dairy spreads,Milkfat,Butters,Butter fat,Clarified butter,Ghee",2,unknown,http://world-en.openfoodfacts.org/product/8901262031059/amul-ghee
8901262152228,Amul kool elaichi 180ml,Amul,"Beverages, Dairies, Dairy drinks",4,e,http://world-en.openfoodfacts.org/product/8901262152228/amul-kool-elaichi-180ml
8901262010023,Amul pasteurised butter,Amul,"Dairies, Fermented foods, Fermented milk products, Cheeses, Fats, Spreads, Spreadable fats, Animal fats, Milkfat, Dairy-spread, Butters",2,e,http://world-en.openfoodfacts.org/product/8901262010023/amul-pasteurised-butter
8901262030700,Amul pure ghee 1 ltr,Amul,"Fats, Animal fats, Butter fat, Clarified butter, Ghee, en:butters",2,unknown,http://world-en.openfoodfacts.org/product/8901262030700/amul-pure-ghee-1-ltr
8901262080118,Amulspray Infant Milk Food,Amul,"Beverages and beverages preparations,Beverages,Dairies,Milks (liquid and powder),Dried products,Milks,Dried products to be rehydrated,Dehydrated beverages,Milk powders",3,unknown,http://world-en.openfoodfacts.org/product/8901262080118/amulspray-infant-milk-food-amul
8901262301435,Berry Dazzle,Amul,Ice creams,4,c,http://world-en.openfoodfacts.org/product/8901262301435/berry-dazzle-amul
8901262178365,Black Currant Tri Cone,Amul,"Black currant ice cream cone, en:ice-creams",4,d,http://world-en.openfoodfacts.org/product/8901262178365/black-currant-tri-cone-amul
8901262260947,Buffalo Milk A2,Amul,"milk,Milk products",1,d,http://world-en.openfoodfacts.org/product/8901262260947/buffalo-milk-a2-amul
8901262221382,Butter Nankhatai,Amul,"Snacks, Sweet snacks, Biscuits and cakes, Biscuits",4,e,http://world-en.openfoodfacts.org/product/8901262221382/butter-nankhatai-amul
8901262173223,Butterscotch Bliss,Amul,"Desserts,Frozen foods,Frozen desserts,Ice creams and sorbets,Ice creams,Ice cream in a box",4,d,http://world-en.openfoodfacts.org/product/8901262173223/butterscotch-bliss-amul
8901262150811,Calci+ milk,Amul,milk,1,unknown,http://world-en.openfoodfacts.org/product/8901262150811/calci-milk-amul
8901262177191,Cassatta,Amul,"Desserts, Frozen foods, Frozen desserts, Ice creams and sorbets, Ice creams",4,d,http://world-en.openfoodfacts.org/product/0041102177191/cassatta-amul
8901262060011,Cheese Spread,Amul,Cheese spreads,4,e,http://world-en.openfoodfacts.org/product/8901262060011/cheese-spread-amul
8901262060110,Cheese Spread Yummy Plain,Amul,,4,unknown,http://world-en.openfoodfacts.org/product/8901262060110/cheese-spread-yummy-plain-amul
8901262020015,Cheese slices,Amul,"Dairies,Fermented foods,Fermented milk products,Cheeses,Processed cheese,Processed cheese in slices",4,e,http://world-en.openfoodfacts.org/product/8901262020015/cheese-slices-amul
8901262178068,Choco Almond N' Kesar Badam Double Sundae,Amul,"Desserts, Frozen foods, Frozen desserts, Ice creams and sorbets, Ice creams, Ice cream tubs",4,d,http://world-en.openfoodfacts.org/product/8901262178068/choco-almond-n-kesar-badam-double-sundae-amul
8901262220552,Chocolate Cookies,Amul,"Snacks, Sweet snacks, Biscuits and cakes, Biscuits, Chocolate biscuits",4,e,http://world-en.openfoodfacts.org/product/8901262220552/chocolate-cookies-amul
8901262300117,Chocolate Crackle Ice cream,Amul,"Desserts,Frozen foods,Frozen desserts,Ice creams and sorbets,Ice creams,Ice cream in a box",4,d,http://world-en.openfoodfacts.org/product/8901262300117/chocolate-crackle-ice-cream-amul
8901262178075,Chocolate Magic Sundae,Amul,"Desserts,Frozen foods,Frozen desserts,Ice creams and sorbets",4,e,http://world-en.openfoodfacts.org/product/8901262178075/chocolate-magic-sundae-amul
8901262070546,Chocominis,Amul,"Chocolates,Chocolate molds,Chocolate Sculptures,Milk chocolate molds,Milk chocolates,Milk chocolate",4,e,http://world-en.openfoodfacts.org/product/8901262070546/chocominis-amul
8901262071581,Chocozoo,Amul,sweet snacks,4,e,http://world-en.openfoodfacts.org/product/8901262071581/chocozoo-amul
8901262178440,Cookie Sub,Amul,Ice cream sandwiches,4,d,http://world-en.openfoodfacts.org/product/8901262178440/cookie-sub-amul
8901262030564,Cow Ghee,Amul,"Dairies,Fats,Spreads,Spreadable fats,Animal fats,Dairy spreads,Milkfat,Butters",2,unknown,http://world-en.openfoodfacts.org/product/8901262030564/cow-ghee-amul
8901262202428,Curd,Amul,milk curds,3,b,http://world-en.openfoodfacts.org/product/8901262202428/curd-amul
8901262070676,Dark Chocolate,Amul,"Snacks,Sweet snacks,Cocoa and its products,Bars,Chocolates,Dark chocolates",4,e,http://world-en.openfoodfacts.org/product/8901262070676/dark-chocolate-amul
8901262152143,Double Chocolate Milk Shake,Amul,Milk-based drinks,4,e,http://world-en.openfoodfacts.org/product/8901262152143/double-chocolate-milk-shake-amul
8901262178198,Epic Choco Almond with Beligian Chocolate,Amul,Chocolate ice cream bars,4,e,http://world-en.openfoodfacts.org/product/8901262178198/epic-choco-almond-with-beligian-chocolate-amul
8901262070539,FRUIT N' NUT Dark Chocolate,Amul,"Snacks, Sweet snacks, Cocoa and its products, Confectioneries, Chocolates, Dark chocolates, Dark chocolate bar with dried fruits, Composite chocolate",4,e,http://world-en.openfoodfacts.org/product/8901262070539/fruit-n-nut-dark-chocolate-amul
8901262010344,Garlic & Herbs Buttery Spread,Amul,"Dairies, Fats, Spreads, Spreadable fats, Animal fats, Milkfat, Dairy-spread, Butters, Butter fat",4,e,http://world-en.openfoodfacts.org/product/8901262010344/garlic-herbs-buttery-spread-amul
8901262030458,Ghee,Amul,"Fats,Animal fats,Butter fat,Clarified butter,Ghee",2,e,http://world-en.openfoodfacts.org/product/8901262030458/ghee-amul
8901262260114,Gold Milky Milk,Amul,Dairies,1,c,http://world-en.openfoodfacts.org/product/8901262260114/gold-milky-milk-amul
8901262153645,Half and Half Cream,Amul,Creams,4,d,http://world-en.openfoodfacts.org/product/8901262153645/half-and-half-cream-amul
8901262178259,Ice Cream Sandwich Vanilla,Amul,"Desserts,Frozen foods,Frozen desserts,Ice creams and sorbets,Ice creams,Ice cream sandwiches",4,e,http://world-en.openfoodfacts.org/product/8901262178259/ice-cream-sandwich-vanilla-amul
8901262301695,Ice Malai,Amul,"Desserts,Ice cream in individual cup,Frozen desserts",4,c,http://world-en.openfoodfacts.org/product/8901262301695/ice-malai-amul
8901262222471,Instant Mashed Potato,Amul,"Plant-based foods and beverages,Plant-based foods,Cereals and potatoes,Dried products,Dried products to be rehydrated,Purées,Potato preparations,Mashed potatoes,Instant mashed potatoes",1,unknown,http://world-en.openfoodfacts.org/product/8901262222471/instant-mashed-potato-amul
8901262223379,Jiralu Masala Ghee Khakhra,Amul,"Khakhra,Whole wheat crisps,Snacks",3,e,http://world-en.openfoodfacts.org/product/8901262223379/jiralu-masala-ghee-khakhra-amul
8901262152631,Lassi Pineapple,Amul,"Dairy drinks,Lassi",4,e,http://world-en.openfoodfacts.org/product/8901262152631/lassi-pineapple-amul
8901262140065,Lite Bread Spread,Amul,"Plant-based foods and beverages, Plant-based foods, Fats, Spreads, Plant-based spreads, Salted spreads, Spreadable fats, Vegetable fats, Margarines",4,d,http://world-en.openfoodfacts.org/product/8901262140065/lite-bread-spread-amul
8901262180016,Malai Paneer,Amul,"Dairies,Fermented foods,Fermented milk products,Cheeses,Paneer",3,c,http://world-en.openfoodfacts.org/product/8901262180016/malai-paneer-amul
8901262200011,Masti Dahi,Amul,"Dairies, Fermented foods, Fermented milk products, Desserts, Dairy desserts, Fermented dairy desserts, Yogurts, Curd, en:fruit-yogurts",1,b,http://world-en.openfoodfacts.org/product/8901262200011/masti-dahi-amul
8901262176477,Mawa Malai Kulfi,Amul,"Desserts, Frozen foods, Frozen desserts, Ice creams and sorbets, Ice creams, Ice cream bars",4,d,http://world-en.openfoodfacts.org/product/8901262176477/mawa-malai-kulfi-amul
8901262152136,Milk Shake Double Chocolate,Amul,"Beverages, Dairies, Dairy drinks, Flavoured milks, Chocolate milks",4,e,http://world-en.openfoodfacts.org/product/8901262152136/milk-shake-double-chocolate-amul
8901262151368,Moti,Amul,"Dairies,Milks,Cow milks",1,c,http://world-en.openfoodfacts.org/product/8901262151368/moti-amul
8901262010511,Peanut Butter,Amul,"Plant-based foods and beverages,Plant-based foods,Legumes and their products,Spreads,Plant-based spreads,Oilseed purees,Legume butters,Peanut butters",4,c,http://world-en.openfoodfacts.org/product/8901262010511/peanut-butter-amul
8901262176446,Pista malai kulfi,Amul,"Desserts, Frozen foods, Frozen desserts, Ice creams and sorbets, Ice creams, Icecream",4,e,http://world-en.openfoodfacts.org/product/8901262176446/pista-malai-kulfi-amul
8901262152952,Protein Buttermilk,Amul,"Beverages, Dairies, Fermented foods, Desserts, Fermented milk products, Dairy desserts, Dairy drinks, Fermented dairy desserts, Fermented drinks, Fermented milk drinks, Yogurts, Drinkable yogurts",4,b,http://world-en.openfoodfacts.org/product/8901262152952/protein-buttermilk-amul
8901262301862,Protein Kulfi,Amul,Kulfi,4,a,http://world-en.openfoodfacts.org/product/8901262301862/protein-kulfi-amul
8901262152945,Protein Lassi - Mango flavour,Amul,"Beverages, Dairies, Fermented foods, Desserts, Fermented milk products, Dairy desserts, Dairy drinks, Fermented dairy desserts, Fermented drinks, Fermented milk drinks, Yogurts, Drinkable yogurts",4,c,http://world-en.openfoodfacts.org/product/8901262152945/protein-lassi-mango-flavour-amul
8906090641067,Protein Water,Amul,beverages,4,b,http://world-en.openfoodfacts.org/product/8906090641067/protein-water-amul
8901262176552,Punjabi Kulfi Mawa Elaichi,Amul,"Desserts,Frozen foods,Frozen desserts,Ice creams and sorbets,Ice creams,Ice cream bars",4,unknown,http://world-en.openfoodfacts.org/product/8901262176552/punjabi-kulfi-mawa-elaichi-amul
8901262020299,Pure Milk Cheese,Amul,Sliced cheeses,4,e,http://world-en.openfoodfacts.org/product/8901262020299/pure-milk-cheese-amul
8901262110068,Sagar Skimmed Milk Powder,Amul,"Beverages and beverages preparations,Beverages,Dairies,Dried products,Milks,Dried products to be rehydrated,Dehydrated beverages,Skimmed milks,Milk powders,Skimmed milk powder",3,unknown,http://world-en.openfoodfacts.org/product/8901262110068/sagar-skimmed-milk-powder-amul
8901262260152,Slim 'n' Trim,Amul,"Dairies, Milks, en:dietary-supplements",1,b,http://world-en.openfoodfacts.org/product/8901262260152/slim-n-trim-amul
8901262261197,Slim 'n' Trim,Amul,"Dairies, Milks, Pasteurised milks, Whole milks, Whole pasteurised milks",1,b,http://world-en.openfoodfacts.org/product/8901262261197/slim-n-trim-amul
8901262070324,Sugar free dark chocolate,Amul,"Snacks,Sweet snacks,Cocoa and its products,Chocolates,Chocolates with sweeteners,Dark chocolates,Dark chocolates with sweeteners,Dark chocolate bar without sugar and with artificial sweeteners",4,d,http://world-en.openfoodfacts.org/product/8901262070324/sugar-free-dark-chocolate-amul
8901262174404,Sundae Gudbud,Amul,"Desserts,Frozen foods,Frozen desserts,Ice creams and sorbets,Ice creams",4,d,http://world-en.openfoodfacts.org/product/8901262174404/sundae-gudbud-amul
8901262071109,Super Fruit,Amul,White chocolate bar with dried fruits,4,e,http://world-en.openfoodfacts.org/product/8901262071109/super-fruit-amul
8901262090469,T-Special Premium Dairy Whitener,Amul,"Dairies,Dairy-whitener,Dairy-w",3,e,http://world-en.openfoodfacts.org/product/8901262090469/t-special-premium-dairy-whitener-amul
8901262202244,Tadka Chhach Probiotic Buttermilk,Amul,"Dairies,Fermented foods,Fermented milk products,Buttermilks,Chaas",3,b,http://world-en.openfoodfacts.org/product/8901262202244/tadka-chhach-probiotic-buttermilk-amul
8901262071703,Twilight Tryst Single Origin Dark Chocolate,Amul,"Snacks, Sweet snacks, Cocoa and its products, Chocolates, Dark chocolates, Dark chocolate bar, en:chocolate-candies",4,e,http://world-en.openfoodfacts.org/product/8901262071703/twilight-tryst-single-origin-dark-chocolate-amul
8901262173490,Vanilla ice cream,Amul,Ice cream in a box,4,d,http://world-en.openfoodfacts.org/product/8901262173490/vanilla-ice-cream-amul
8901262110242,Whey Protein Lactose Free,Amul,Whey powder,4,c,http://world-en.openfoodfacts.org/product/8901262110242/whey-protein-lactose-free-amul
8901262180115,malai paneer fresh,Amul,"Dairies,Fermented foods,Fermented milk products,Cheeses,Paneer",3,c,http://world-en.openfoodfacts.org/product/8901262180115/malai-paneer-fresh-amul
8901262150378,slim 'n' trim Skimmed Milk,Amul,"Dairies,Milks",1,unknown,http://world-en.openfoodfacts.org/product/8901262150378/slim-n-trim-skimmed-milk-amul
8901063014411,Vita Marie Gold,Britannia,en:biscuits,4,d,http://world-en.openfoodfacts.org/product/8901063014411/britannia
8901063342934,100% Whole Wheat Sandwich Bread,Britannia,"Plant-based foods and beverages, Plant-based foods, Cereals and potatoes, Breads, Sliced breads, Wholemeal breads, Wholemeal sliced breads",4,unknown,http://world-en.openfoodfacts.org/product/8901063342934/100-whole-wheat-sandwich-bread-britannia
8901063016880,50 50,Britannia,"Snacks, Sweet snacks, Biscuits and cakes, Biscuits",4,e,http://world-en.openfoodfacts.org/product/8901063016880/50-50-britannia
8901063017702,50 50 Gol Maal,Britannia,"Snacks,Sweet snacks,Confectioneries,Bars,Biscuits and cakes,Biscuits",4,e,http://world-en.openfoodfacts.org/product/8901063017702/50-50-gol-maal-britannia
8901063017719,50 50 Golmaal,Britannia,"Snacks, Sweet snacks, Biscuits and cakes, Biscuits",4,e,http://world-en.openfoodfacts.org/product/8901063017719/50-50-golmaal-britannia
8901063016873,50-50,Britannia,Biscuits,4,unknown,http://world-en.openfoodfacts.org/product/8901063016873/50-50-britannia
8901063017252,50-50,Britannia,,4,unknown,http://world-en.openfoodfacts.org/product/8901063017252/50-50-britannia
8901063017481,50-50 Maska Chaska,Britannia,"Snacks,Sweet snacks,Biscuits and cakes,Biscuits",4,e,http://world-en.openfoodfacts.org/product/8901063017481/50-50-maska-chaska-britannia
8901063016606,50-50 sweet and salt,Britannia,,4,unknown,http://world-en.openfoodfacts.org/product/8901063016606/50-50-sweet-and-salt-britannia
8901063017795,5050 Golmaal,Britannia,"Snacks,Sweet snacks,Biscuits and cakes,Biscuits and crackers,Biscuits",4,e,http://world-en.openfoodfacts.org/product/8901063017795/5050-golmaal-britannia
8901063032675,B. waffy choco,Britannia,,4,unknown,http://world-en.openfoodfacts.org/product/8901063032675/b-waffy-choco-britannia
8901063139374,BOURBON,Britannia,"Snacks, Sweet snacks, Biscuits and cakes, Biscuits, en:chocolate-biscuits",4,e,http://world-en.openfoodfacts.org/product/8901063139374/bourbon-britannia
8901063092501,BRITANN Good day 600 g,Britannia,"Snacks,Breakfasts,Sweet snacks,Biscuits and cakes,Biscuits,Dry biscuits,Breakfast biscuit",4,e,http://world-en.openfoodfacts.org/product/8901063092501/britann-good-day-600-g-britannia
8901063363977,BRITANNIA Cake Gobbles Fruity Fun,Britannia,"Snacks, Sweet snacks, Biscuits and cakes, Cakes",4,e,http://world-en.openfoodfacts.org/product/8901063363977/britannia-cake-gobbles-fruity-fun
8901063092822,BRITANNIA Good day  BUTTER COOKIES,Britannia,en:biscuits,4,e,http://world-en.openfoodfacts.org/product/8901063092822/britannia-good-day-butter-cookies
8901063026162,"BRITANNIA nutri SUGAR, FREE",Britannia,"Biscuits,Biscuits/Cookies (Shelf Stable),sugar free biscuit",4,d,http://world-en.openfoodfacts.org/product/8901063026162/britannia-nutri-sugar-free
8901063365018,Biscafe Biscuit,Britannia,da:crackers,4,e,http://world-en.openfoodfacts.org/product/8901063365018/biscafe-biscuit-%F0%9F%8D%AA-britannia
8901063139206,Bourbon,Britannia,"Snacks, Sweet snacks, Biscuits and cakes, Biscuits, Chocolate biscuits",4,e,http://world-en.openfoodfacts.org/product/8901063139206/bourbon-britannia
8901063162327,Br Marie gold 10,Britannia,"Snacks,Sweet snacks,Sweet pastries and pies,Viennoiseries",3,d,http://world-en.openfoodfacts.org/product/8901063162327/br-marie-gold-10-britannia
8901063365087,Brit 100% veg cake,Britannia,"Snacks, Sweet snacks, Biscuits and cakes, Bars, Cakes, en:confectioneries",4,e,http://world-en.openfoodfacts.org/product/8901063365087/brit-100-veg-cake-britannia
8901063017627,Brit 50-50 maska chaska 40g (20),Britannia,"Snacks, Sweet snacks, Biscuits and cakes, Biscuits",4,d,http://world-en.openfoodfacts.org/product/8901063017627/brit-50-50-maska-chaska-40g-20-britannia
8901063139213,Brit bourbon 150g (sys),Britannia,"Snacks, Sweet snacks, Biscuits and cakes, Biscuits and crackers, Biscuits, en:chocolate-biscuits",4,e,http://world-en.openfoodfacts.org/product/8901063139213/brit-bourbon-150g-sys-britannia
8901063017559,Britannia 5050 Potazos 71.5g,Britannia,"Snacks, Sweet snacks, Biscuits and cakes, Biscuits",4,unknown,http://world-en.openfoodfacts.org/product/8901063017559/britannia-5050-potazos-71-5g
8901063016781,Britannia 5050(72g),Britannia,,4,unknown,http://world-en.openfoodfacts.org/product/8901063016781/britannia-5050-72g
8901063365384,Britannia Cake Gobbles 35g,Britannia,"Snacks,Sweet snacks,Biscuits and cakes,Biscuits,Cakes",4,e,http://world-en.openfoodfacts.org/product/8901063365384/britannia-cake-gobbles-35g
8901063004139,Britannia Good day Chocolate Cookies 400g,Britannia,"Snacks, Sweet snacks, Cocoa and its products, Confectioneries, Bars, Chocolate candies, Candy chocolate bars, Chocolate biscuity bars, en:chocolate-biscuits",4,e,http://world-en.openfoodfacts.org/product/8901063004139/britannia-good-day-chocolate-cookies-400g
8901063162242,Britannia Marie Gold,Britannia,"Snacks,Sweet snacks,Biscuits and cakes,Biscuits,Dry biscuits,Plain biscuit",4,d,http://world-en.openfoodfacts.org/product/8901063162242/britannia-marie-gold
8901063162648,Britannia Marie Gold,Britannia,Biscuits,4,e,http://world-en.openfoodfacts.org/product/8901063162648/britannia-marie-gold
8901063142114,Britannia Nutri Choice Oats,Britannia,Biscuits,4,d,http://world-en.openfoodfacts.org/product/8901063142114/britannia-nutri-choice-oats
8901063338494,Britannia Pav,Britannia,"Plant-based foods and beverages,Plant-based foods,Cereals and potatoes,Breads",4,d,http://world-en.openfoodfacts.org/product/8901063338494/britannia-pav
8901063032699,Britannia Treat Strawberry flavoured Waffers,Britannia,,4,unknown,http://world-en.openfoodfacts.org/product/8901063032699/britannia-treat-strawberry-flavoured-waffers
8901063146297,Britannia Winkin cow thick lassi 180ml,Britannia,"Dairies,beverages",4,e,http://world-en.openfoodfacts.org/product/8901063146297/britannia-winkin-cow-thick-lassi-180ml
8901063139336,Britannia bourbon 100g,Britannia,"Snacks, en:biscuits",4,e,http://world-en.openfoodfacts.org/product/8901063139336/britannia-bourbon-100g
8901063363779,Britannia cake fruity fun,Britannia,"Snacks, Sweet snacks, Biscuits and cakes, Cakes, en:biscuits",4,d,http://world-en.openfoodfacts.org/product/8901063363779/britannia-cake-fruity-fun
8901063028708,Britannia nutri choice,Britannia,,4,unknown,http://world-en.openfoodfacts.org/product/8901063028708/britannia-nutri-choice
8901063325463,Britannia toastea,Britannia,Bakery products,4,d,http://world-en.openfoodfacts.org/product/8901063325463/britannia-toastea
8901063032484,Britannia treat Croissant Mixed Fruit,Britannia,Snacks,4,e,http://world-en.openfoodfacts.org/product/8901063032484/britannia-treat-croissant-mixed-fruit
8901063017221,Brittania Maska chaska,Britannia,"Snacks, Sweet snacks, Biscuits and cakes, Biscuits, Biscuit (cookie) snack w chocolate filling",4,d,http://world-en.openfoodfacts.org/product/8901063017221/brittania-maska-chaska-britannia
8901063344983,Brown Bread,Britannia,breads,3,c,http://world-en.openfoodfacts.org/product/8901063344983/brown-bread-britannia
8901063338685,Brown bread,Britannia,"Plant-based foods and beverages,Plant-based foods,Cereals and potatoes,Breads,Wholemeal breads",4,c,http://world-en.openfoodfacts.org/product/8901063338685/brown-bread-britannia
8901063363748,CAKE 100% VEG Gobbles fruity fun,Britannia,"Snacks, Sweet snacks, Biscuits and cakes, Cakes, Soft fruit cakes",4,e,http://world-en.openfoodfacts.org/product/8901063363748/cake-100-veg-gobbles-fruity-fun-britannia
8901063158351,Chunkies Coconut Cookies,Britannia,Biscuits,4,unknown,http://world-en.openfoodfacts.org/product/8901063158351/chunkies-coconut-cookies-britannia
8901063363786,Gobbles Orange Bites cake,Britannia,"Snacks,Sweet snacks,Cakes",4,e,http://world-en.openfoodfacts.org/product/8901063363786/gobbles-orange-bites-cake-britannia
8901063093522,Good Day - Cashew Cookies,Britannia,"Snacks, Sweet snacks, Biscuits and cakes, Biscuits, Cooking helpers, Pastry helpers, Variety packs, Baking Mixes, Biscuits or cookies variety packs, Dessert mixes, Biscuit mixes, Biscuits/Cookies (Shelf Stable)",4,unknown,http://world-en.openfoodfacts.org/product/8901063093522/good-day-cashew-cookies-britannia
8901063092617,Good Day Butter Cookies,Britannia,"Snacks, Sweet snacks, Biscuits and cakes, Biscuits",4,e,http://world-en.openfoodfacts.org/product/8901063092617/good-day-butter-cookies-britannia
8901063092686,Good Day Butter Cookies (25),Britannia,"Snacks, Sweet snacks, Biscuits and cakes, Biscuits",4,e,http://world-en.openfoodfacts.org/product/8901063092686/good-day-butter-cookies-25-britannia
8901063093287,Good Day Cashew Cookies,Britannia,"Snacks, Sweet snacks, Biscuits and cakes, Biscuits",4,e,http://world-en.openfoodfacts.org/product/8901063093287/good-day-cashew-cookies-britannia
8901063093355,Good Day Cashew Cookies Medium Pack 600g,Britannia,"Snacks,Sweet snacks,Biscuits and cakes,Biscuits",4,e,http://world-en.openfoodfacts.org/product/8901063093355/good-day-cashew-cookies-medium-pack-600g-britannia
8901063004122,GoodDay Choco Chip,Britannia,"Snacks, Sweet snacks, Biscuits and cakes, Biscuits, Chocolate biscuits",4,unknown,http://world-en.openfoodfacts.org/product/8901063004122/goodday-choco-chip-britannia
8901063029217,Jim Jam,Britannia,"Flavoured sandwich Biscuits, en:biscuits",4,e,http://world-en.openfoodfacts.org/product/8901063029217/jim-jam-britannia
8901063029262,Jim jam92 g,Britannia,Biscuit (cookie) snack w chocolate filling,4,e,http://world-en.openfoodfacts.org/product/8901063029262/jim-jam92-g-britannia
8901063029279,Jimjam,Britannia,"Snacks, Snacks sucrés, Biscuits et gâteaux, Biscuits",4,e,http://world-en.openfoodfacts.org/product/8901063029279/jimjam-britannia
8901063029286,Jimjam 460g,Britannia,"Snacks, Sweet snacks, Biscuits and cakes, Biscuits",4,e,http://world-en.openfoodfacts.org/product/8901063029286/jimjam-460g-britannia
8901063029255,Jimjam 57g (57),Britannia,Biscuits,4,unknown,http://world-en.openfoodfacts.org/product/8901063029255/jimjam-57g-57-britannia
8901063029309,Jimjam Pops,Britannia,"Snacks, Sweet snacks, Biscuits and cakes, Biscuits, Biscuits/Cookies (Shelf Stable), Cream biscuit",4,e,http://world-en.openfoodfacts.org/product/8901063029309/jimjam-pops-britannia
8901063029316,Jimjam pops,Britannia,"Snacks, Sweet snacks, Biscuits and cakes, Biscuits",4,e,http://world-en.openfoodfacts.org/product/8901063029316/jimjam-pops-britannia
8901063019027,Little Hearts Classic,Britannia,"Snacks, Sweet snacks, Biscuits and cakes, Biscuits, Sugar coated biscuit",4,e,http://world-en.openfoodfacts.org/product/8901063019027/little-hearts-classic-britannia
8901063019232,Little Hearts Classic Crunch,Britannia,en:biscuits,4,e,http://world-en.openfoodfacts.org/product/8901063019232/little-hearts-classic-crunch-britannia
8901063023901,Marie Gold,Britannia,"Snacks,Sweet snacks,Biscuits and cakes,Biscuits and crackers,Biscuits,Snack biscuit with fruits filling",4,e,http://world-en.openfoodfacts.org/product/8901063023901/marie-gold-britannia
8901063162600,Marie Gold,Britannia,"Snacks, Sweet snacks, Biscuits and cakes, Biscuits",4,e,http://world-en.openfoodfacts.org/product/8901063162600/marie-gold-britannia
8901063162426,Marie gold,Britannia,"Snacks, Sweet snacks, Biscuits and cakes, Biscuits",4,e,http://world-en.openfoodfacts.org/product/8901063162426/marie-gold-britannia
8901063162525,Marie gold 5*117g (4),Britannia,en:biscuits,4,e,http://world-en.openfoodfacts.org/product/8901063162525/marie-gold-5-117g-4-britannia
8901063012530,Milk Bikis,Britannia,"Snacks, Sweet snacks, Biscuits and cakes, Biscuits",4,e,http://world-en.openfoodfacts.org/product/8901063012530/milk-bikis-britannia
8901063012608,Milk Bikis,Britannia,"Snacks, Sweet snacks, Biscuits and cakes, Biscuits",4,d,http://world-en.openfoodfacts.org/product/8901063012608/milk-bikis-britannia
8901063012622,Milk Bikis,Britannia,"Snacks,Sweet snacks,Biscuits and cakes,Biscuits",4,e,http://world-en.openfoodfacts.org/product/8901063012622/milk-bikis-britannia
8901063012660,Milk Bikis,Britannia,"Snacks,Sweet snacks,Biscuits and cakes,Biscuits and crackers,Biscuits",4,e,http://world-en.openfoodfacts.org/product/8901063012660/milk-bikis-britannia
8901063012547,Milk bikis,Britannia,"Snacks, Sweet snacks, Biscuits and cakes, Biscuits",4,d,http://world-en.openfoodfacts.org/product/8901063012547/milk-bikis-britannia
8901063338623,Multi Grain Bread,Britannia,"Plant-based foods and beverages, Plant-based foods, Cereals and potatoes, Breads, Wholemeal breads",4,unknown,http://world-en.openfoodfacts.org/product/8901063338623/multi-grain-bread-britannia
8901063343276,Multi Grain Bread,Britannia,"Plant-based foods and beverages,Plant-based foods,Cereals and potatoes,Breads,Multigrain sliced breads",4,c,http://world-en.openfoodfacts.org/product/8901063343276/multi-grain-bread-britannia
8901063142305,Nutri Choice,Britannia,"Snacks, Snacks sucrés, Biscuits et gâteaux, Biscuits",3,e,http://world-en.openfoodfacts.org/product/8901063142305/nutri-choice-britannia
8901063142466,Nutri Choice Digestive,Britannia,"Snacks, Sweet snacks, Biscuits and cakes, Biscuits",4,unknown,http://world-en.openfoodfacts.org/product/8901063142466/nutri-choice-digestive-britannia
8901063026278,Nutri Choice Sugar Free Crackers,Britannia,"snacks, salty-snacks, appetizers, da:crackers",4,d,http://world-en.openfoodfacts.org/product/8901063026278/nutri-choice-sugar-free-crackers-britannia
3948063154025,Nutri choise essentials,Britannia,en:biscuits,4,unknown,http://world-en.openfoodfacts.org/product/3948063154025/nutri-choise-essentials-britannia
8901063026209,Sugar Free Cracker Nature spice Jeera & Ajwain,Britannia,"wheat-crackers, biscuits",4,d,http://world-en.openfoodfacts.org/product/8901063026209/sugar-free-cracker-nature-spice-jeera-ajwain-britannia
8901063410282,The Laughing Cow Cheese Slices,Britannia,"Dairies,Fermented foods,Fermented milk products,Cheeses",4,e,http://world-en.openfoodfacts.org/product/8901063410282/the-laughing-cow-cheese-slices-britannia
8901063155459,Tiger Krunch ChocoChips,Britannia,"Snacks,Sweet snacks,Biscuits and cakes,Biscuits,Chocolate biscuits",4,unknown,http://world-en.openfoodfacts.org/product/8901063155459/tiger-krunch-chocochips-britannia
8901063325784,Toastea Rusk,Britannia,Rusks,4,d,http://world-en.openfoodfacts.org/product/8901063325784/toastea-rusk-britannia
8901063325609,Toastea premium rusk,Britannia,"Plant-based foods and beverages,Plant-based foods,Cereals and potatoes,Breads,Premium Bake Rusk,Toasted bread",4,d,http://world-en.openfoodfacts.org/product/8901063325609/toastea-premium-rusk-britannia
8901063033399,Treat Vanilla Creme,Britannia,"Snacks, Sweet snacks, Biscuits and cakes, Biscuits, Cream sandwich biscuits",4,e,http://world-en.openfoodfacts.org/product/8901063033399/treat-vanilla-creme-britannia
8901063342026,Vitarich Sandwich Premium White Bread,Britannia,"Plant-based foods and beverages, Plant-based foods, Cereals and potatoes, Breads, Sliced breads",4,c,http://world-en.openfoodfacts.org/product/8901063342026/vitarich-sandwich-premium-white-bread-britannia
8901063142664,britannia,Britannia,en:biscuits,4,c,http://world-en.openfoodfacts.org/product/8901063142664/britannia
8901063031937,britannia treat croissant vanilla creme roll,Britannia,"Snacks, Sweet snacks, Viennoiseries",4,unknown,http://world-en.openfoodfacts.org/product/8901063031937/britannia-treat-croissant-vanilla-creme-roll
8901063093409,good day cashew cookies,Britannia,"Snacks, Sweet snacks, Biscuits and cakes, Biscuits",4,unknown,http://world-en.openfoodfacts.org/product/8901063093409/good-day-cashew-cookies-britannia
8901063142336,nutri choice,Britannia,"Snacks,Sweet snacks,Biscuits and cakes,Biscuits and crackers,Biscuits",4,unknown,http://world-en.openfoodfacts.org/product/8901063142336/nutri-choice-britannia
8901063342354,sandwich white bread,Britannia,"Plant-based foods and beverages,Plant-based foods,Cereals and potatoes,Breads",4,b,http://world-en.openfoodfacts.org/product/8901063342354/sandwich-white-bread-britannia
7622201150273,Cadbury Shots,Cadbury,"Snacks, Sweet snacks, Cocoa and its products, Chocolates, en:confectioneries",4,e,http://world-en.openfoodfacts.org/product/7622201150273/cadbury
8901233029856,Cadbury Dairy Milk Chocolate Bar,Cadbury,,4,unknown,http://world-en.openfoodfacts.org/product/8901233029856/cadbury
7622202218262,5star pack of 6,Cadbury,Chocolate bars,4,e,http://world-en.openfoodfacts.org/product/7622202218262/5star-pack-of-6-cadbury
7622201757359,Bourn Vita biscuits,Cadbury,"Snacks, Sweet snacks, Biscuits and cakes, Biscuits",4,e,http://world-en.openfoodfacts.org/product/7622201757359/bourn-vita-biscuits-cadbury
8901233035178,Bourn vita,Cadbury,,4,unknown,http://world-en.openfoodfacts.org/product/8901233035178/bourn-vita-cadbury
7622202325960,Bournville Intense 70% Dark,Cadbury,"Cocoa and its products,Chocolates,Dark chocolates,Dark chocolate bar,Sweet snacks",4,unknown,http://world-en.openfoodfacts.org/product/7622202325960/bournville-intense-70-dark-cadbury
7622202320330,Cadbury 5 Star Oreo,Cadbury,Cocoa and Chocolate Products,4,unknown,http://world-en.openfoodfacts.org/product/7622202320330/cadbury-5-star-oreo
7622202318047,Cadbury 5Star,Cadbury,Confectioneries,4,unknown,http://world-en.openfoodfacts.org/product/7622202318047/cadbury-5star
7622202325939,Cadbury Bournville Cranberry,Cadbury,,4,unknown,http://world-en.openfoodfacts.org/product/7622202325939/cadbury-bournville-cranberry
8901233027555,Cadbury Choco Creme Oreo,Cadbury,"Snacks, Sweet snacks, Biscuits and cakes, Biscuits, Chocolate biscuits",4,e,http://world-en.openfoodfacts.org/product/8901233027555/cadbury-choco-creme-oreo
7622202216916,Cadbury Chocobakes,Cadbury,en:confectioneries,4,e,http://world-en.openfoodfacts.org/product/7622202216916/cadbury-chocobakes
7622202346385,Cadbury Dairy Milk,Cadbury,Chocolate,4,e,http://world-en.openfoodfacts.org/product/7622202346385/cadbury-dairy-milk
7622202215056,Cadbury Dairy Milk Shots,Cadbury,Sweet snacks,4,unknown,http://world-en.openfoodfacts.org/product/7622202215056/cadbury-dairy-milk-shots
7622201756918,Cadbury Oreo Vanilla 481.25g,Cadbury,"Snacks, Sweet snacks, Biscuits and cakes, Biscuits, Creme Sandwich Biscuit, en:confectioneries",4,e,http://world-en.openfoodfacts.org/product/7622201756918/cadbury-oreo-vanilla-481-25g
7622201138394,Cadbury Temptations Rum & Raisin Chocolate Bar,Cadbury,"Snacks, Sweet snacks, Cocoa and its products, Chocolates, Milk chocolates",4,e,http://world-en.openfoodfacts.org/product/7622201138394/cadbury-temptations-rum-raisin-chocolate-bar
7622202030901,Cadbury Temptations Rum & Raisins,Cadbury,"Snacks, Sweet snacks, Cocoa and its products, Chocolates, en:milk-chocolates",4,e,http://world-en.openfoodfacts.org/product/7622202030901/cadbury-temptations-rum-raisins
8901233021645,Cadbury bournville premium chocolate,Cadbury,,4,unknown,http://world-en.openfoodfacts.org/product/8901233021645/cadbury-bournville-premium-chocolate
7622202237942,Cadbury dairy milk,Cadbury,Milk chocolate bar,4,e,http://world-en.openfoodfacts.org/product/7622202237942/cadbury-dairy-milk
7622201798260,Cadbury gems,Cadbury,"Snacks,Sweet snacks,Cocoa and its products,Confectioneries,Chocolate candies,Sugar coated chocolate confectioneries",4,e,http://world-en.openfoodfacts.org/product/7622201798260/cadbury-gems
7622201098971,Chocobakes,Cadbury,"Snacks, Sweet snacks, Biscuits and cakes, Biscuits, Chocolate filled Biscuit",4,e,http://world-en.openfoodfacts.org/product/7622201098971/chocobakes-cadbury
7622201442828,Chocobakes,Cadbury,"Snacks, Sweet snacks, Biscuits and cakes, Cakes, Chocolate cakes",4,unknown,http://world-en.openfoodfacts.org/product/7622201442828/chocobakes-cadbury
7622201442071,Chocobakes Choc layered Cakes,Cadbury,"Snacks, Sweet snacks, Biscuits and cakes, Cakes, Chocolate cakes",4,e,http://world-en.openfoodfacts.org/product/7622201442071/chocobakes-choc-layered-cakes-cadbury
7622201762353,Cocoa,Cadbury,"Cocoa and its products, Cocoa and chocolate powders",4,unknown,http://world-en.openfoodfacts.org/product/7622201762353/cocoa-cadbury
6001065601083,DAIRY MILK BISCUIT,Cadbury,,4,unknown,http://world-en.openfoodfacts.org/product/6001065601083/dairy-milk-biscuit-cadbury
7622201442019,Dairy Milk,Cadbury,"Snacks, Sweet snacks, Cocoa and its products, Chocolates",4,e,http://world-en.openfoodfacts.org/product/7622201442019/dairy-milk-cadbury
7622202329494,Dairy Milk (Classic milk chocolate variant),Cadbury,en:chocolates,4,e,http://world-en.openfoodfacts.org/product/7622202329494/dairy-milk-classic-milk-chocolate-variant-cadbury
7622202325328,Dairy Milk Bites Hazelnut,Cadbury,Sweet snacks,4,e,http://world-en.openfoodfacts.org/product/7622202325328/dairy-milk-bites-hazelnut-cadbury
7622201761561,Dairy Milk Silk Fruit & Nut,Cadbury,"Snacks, Sweet snacks, Cocoa and its products, Confectioneries, Chocolates, Milk chocolates",4,e,http://world-en.openfoodfacts.org/product/7622201761561/dairy-milk-silk-fruit-nut-cadbury
7622201759742,Dairy Milk Silk Ganache,Cadbury,Milk chocolate bar,4,e,http://world-en.openfoodfacts.org/product/7622201759742/dairy-milk-silk-ganache-cadbury
7622201761738,Dairy Milk Silk Hazelnut,Cadbury,chocolate,4,e,http://world-en.openfoodfacts.org/product/7622201761738/dairy-milk-silk-hazelnut-cadbury
7622201685638,Dairy Milk Silky Bubbly BubbleGum,Cadbury,"Snacks,Sweet snacks,Cocoa and its products,Chocolates",4,e,http://world-en.openfoodfacts.org/product/7622201685638/dairy-milk-silky-bubbly-bubblegum-cadbury
7622202290633,Dairy milk silk bubbly,Cadbury,"Snacks, Sweet snacks, Cocoa and its products, Confectioneries, Chocolate candies, Bars, Candy chocolate bars, en:chocolates",4,unknown,http://world-en.openfoodfacts.org/product/7622202290633/dairy-milk-silk-bubbly-cadbury
7622201762285,Dairy milk silk mousse,Cadbury,Candy chocolate bars,4,unknown,http://world-en.openfoodfacts.org/product/7622201762285/dairy-milk-silk-mousse-cadbury
7622201415662,Dairymilk crispello,Cadbury,"Snacks, Sweet snacks, Cocoa and its products, Chocolates, en:confectioneries",4,unknown,http://world-en.openfoodfacts.org/product/7622201415662/dairymilk-crispello-cadbury
7622202216800,Diary Milk Silk,Cadbury,Chocolates,4,unknown,http://world-en.openfoodfacts.org/product/7622202216800/diary-milk-silk-cadbury
7622202023545,Fuse,Cadbury,chocolate,4,unknown,http://world-en.openfoodfacts.org/product/7622202023545/fuse-cadbury
7622201521905,Fuse bites,Cadbury,en:chocolate-candies,4,e,http://world-en.openfoodfacts.org/product/7622201521905/fuse-bites-cadbury
7622202216695,Gems,Cadbury,"Snacks,Sweet snacks,Confectioneries,Gems",4,e,http://world-en.openfoodfacts.org/product/7622202216695/gems-cadbury
8901233028651,Nutties,Cadbury,"Snacks,Sweet snacks,Cocoa and its products,Confectioneries,Chocolate candies,Bonbons,Chocolate covered nuts",4,e,http://world-en.openfoodfacts.org/product/8901233028651/nutties-cadbury
7622201687632,OREO,Cadbury,,4,unknown,http://world-en.openfoodfacts.org/product/7622201687632/oreo-cadbury
7622201756697,Oreo,Cadbury,"Snacks, Sweet snacks, Biscuits and cakes, Biscuits, Biscuit (cookie) snack w chocolate filling, en:filled-biscuits",4,unknown,http://world-en.openfoodfacts.org/product/7622201756697/oreo-cadbury
7622202253638,Oreo 5 Pack,Cadbury,Biscuit (cookie) snack w chocolate filling,4,unknown,http://world-en.openfoodfacts.org/product/7622202253638/oreo-5-pack-cadbury
7622201432263,Oreo Cricket Edition,Cadbury,"Snacks,Sweet snacks,Biscuits and cakes,Biscuits",4,e,http://world-en.openfoodfacts.org/product/7622201432263/oreo-cricket-edition-cadbury
7622201801878,Oreo Original,Cadbury,"Snacks, Sweet snacks, Biscuits and cakes, Biscuits",4,e,http://world-en.openfoodfacts.org/product/7622201801878/oreo-original-cadbury
7622201758639,Perk,Cadbury,"Snacks, Sweet snacks, Cocoa and its products, Confectioneries, Chocolates, 7622201758639, Perk",4,e,http://world-en.openfoodfacts.org/product/7622201758639/perk-cadbury
8901233030272,Perk,Cadbury,"Snacks, Sweet snacks, Cocoa and its products, Biscuits and cakes, Biscuits, Chocolates, Wafers",4,e,http://world-en.openfoodfacts.org/product/8901233030272/perk-cadbury
7622201758660,Perk Double,Cadbury,Choco-coated wafers,4,e,http://world-en.openfoodfacts.org/product/7622201758660/perk-double-cadbury
7622201150303,Shots,Cadbury,"Chocolate balls, en:chocolate-candies",4,e,http://world-en.openfoodfacts.org/product/7622201150303/shots-cadbury
7622201448837,Shots,Cadbury,"Snacks,Sweet snacks,Confectioneries,Chocolate-ball-with-hard-chocolate-coating,Panned confectionery",4,e,http://world-en.openfoodfacts.org/product/7622201448837/shots-cadbury
8901233033570,Silk,Cadbury,Chocolate bars,4,unknown,http://world-en.openfoodfacts.org/product/8901233033570/silk-cadbury
7622201763213,Silk Oreo Red Velvet,Cadbury,"Snacks, Sweet snacks, Cocoa and its products, Confectioneries, Bars, Chocolate candies, Chocolates, Bars covered with chocolate",4,unknown,http://world-en.openfoodfacts.org/product/7622201763213/silk-oreo-red-velvet-cadbury
8901233030395,Spready,Cadbury,Chocolate spreads,4,unknown,http://world-en.openfoodfacts.org/product/8901233030395/spready-cadbury
7622201808013,dairy milk silk,Cadbury,Silk heart pop,4,unknown,http://world-en.openfoodfacts.org/product/7622201808013/dairy-milk-silk-cadbury
7622201679996,hot chocolate,Cadbury,Beverages,3,e,http://world-en.openfoodfacts.org/product/7622201679996/hot-chocolate-cadbury
8904063201157,Chips - Pudina Treat,Haldiram's,"Snacks,Salty snacks,Appetizers,Chips and fries,Crisps,Namkeen",4,e,http://world-en.openfoodfacts.org/product/8904063201157/haldiram-s
8904004402032,All In One,Haldiram's,Snacks,4,e,http://world-en.openfoodfacts.org/product/8904004402032/all-in-one-haldiram-s
8904004400694,Aloo Bhujia,Haldiram's,"Plant-based foods and beverages, Plant-based foods, Snacks, Cereals and potatoes, Potato preparations",3,e,http://world-en.openfoodfacts.org/product/8904004400694/aloo-bhujia-haldiram-s
8904004400731,Aloo bhujia,Haldiram's,"Namkeen,Snacks",3,e,http://world-en.openfoodfacts.org/product/8904004400731/aloo-bhujia-haldiram-s
8904063206336,Banana Chips,Haldiram's,"Snacks,Salty snacks,Appetizers,Chips and fries,Crisps,Banana crisps",3,e,http://world-en.openfoodfacts.org/product/8904063206336/banana-chips-haldiram-s
8904063240071,Bhujia,Haldiram's,"Snacks,Salty snacks,Appetizers,Biscuits and crackers,Crackers(Appetizers),Puffed salty snacks",3,e,http://world-en.openfoodfacts.org/product/8904063240071/bhujia-haldiram-s
8904004400052,Bhujia Sev 600g,Haldiram's,"Health,Farsan",3,e,http://world-en.openfoodfacts.org/product/8904004400052/bhujia-sev-600g-haldiram-s
8904004407860,Chatpata matar,Haldiram's,snacks,4,c,http://world-en.openfoodfacts.org/product/8904004407860/chatpata-matar-haldiram-s
8904004408669,Chekaralu,Haldiram's,"Fried-snack, Indian snacks",4,e,http://world-en.openfoodfacts.org/product/8904004408669/chekaralu-haldiram-s
8904063240170,Classic Salted Peanuts,Haldiram's,"Plant-based foods and beverages, Plant-based foods, Legumes and their products, Legumes, Nuts and their products, Nuts, Peanuts, en:roasted-peanuts",3,e,http://world-en.openfoodfacts.org/product/8904063240170/classic-salted-peanuts-haldiram-s
8904004401981,Cornflakes Mixture,Haldiram's,Namkeen,4,unknown,http://world-en.openfoodfacts.org/product/8904004401981/cornflakes-mixture-haldiram-s
8904063208101,Delista macaroni,Haldiram's,"Plant-based foods and beverages, Plant-based foods, Breakfasts, Pastas, Dry pastas, Marconi",1,a,http://world-en.openfoodfacts.org/product/8904063208101/delista-macaroni-haldiram-s
8904004402131,Dry fruit mix,Haldiram's,"snacks, salty-snacks, appetizers, da:crackers, plain-salty-snacks",4,d,http://world-en.openfoodfacts.org/product/8904004402131/dry-fruit-mix-haldiram-s
8904004402247,Farali Chiwda,Haldiram's,Potato crisps in sunflower oil,3,d,http://world-en.openfoodfacts.org/product/8904004402247/farali-chiwda-haldiram-s
8904063251480,Gup Shup Peanuts,Haldiram's,"Plant-based foods and beverages, Plant-based foods, Legumes and their products, Legumes, Nuts and their products, Nuts, Peanuts",4,e,http://world-en.openfoodfacts.org/product/8904063251480/gup-shup-peanuts-haldiram-s
8904004400601,Haldiram Lite Chiwda,Haldiram's,"Snacks,Salty snacks,Appetizers,Biscuits and crackers,Chips and fries,Crisps,Crackers(Appetizers),Puffed salty snacks",3,e,http://world-en.openfoodfacts.org/product/8904004400601/haldiram-lite-chiwda-haldiram-s
8904063240019,Haldiram Nut Cracker,Haldiram's,Nut crackers,3,e,http://world-en.openfoodfacts.org/product/8904063240019/haldiram-nut-cracker-haldiram-s
8904004400687,Haldiram's Aloo Bhujia Sev,Haldiram's,salty snacks,4,unknown,http://world-en.openfoodfacts.org/product/8904004400687/haldiram-s-aloo-bhujia-sev
8904004420227,Haldiram's Mathura Peda,Haldiram's,Dairy desserts,3,e,http://world-en.openfoodfacts.org/product/8904004420227/haldiram-s-mathura-peda
8904063282286,Haldiram's Nuts Plain Almonds,Haldiram's,"Plant-based foods and beverages,Plant-based foods,Nuts and their products,Nuts,Almonds,Dry Fruit",1,a,http://world-en.openfoodfacts.org/product/8904063282286/haldiram-s-nuts-plain-almonds
8906115100333,Haldiram's Peeloz,Haldiram's,snacks,4,e,http://world-en.openfoodfacts.org/product/8906115100333/haldiram-s-peeloz
8904063240149,Haldiram's Salted Peanuts,Haldiram's,"Plant-based foods and beverages,Plant-based foods,Legumes and their products,Legumes,Nuts and their products,Nuts,Peanuts",1,e,http://world-en.openfoodfacts.org/product/8904063240149/haldiram-s-salted-peanuts
8904004400977,Indian Snacks Mixture,Haldiram's,"fried snacks,Plant-based foods",4,d,http://world-en.openfoodfacts.org/product/8904004400977/indian-snacks-mixture-haldiram-s
8904004409222,Instant Bhel,Haldiram's,Puffed rice blend,4,e,http://world-en.openfoodfacts.org/product/8904004409222/instant-bhel-haldiram-s
8904063257581,Lite Mixture,Haldiram's,Snacks,3,unknown,http://world-en.openfoodfacts.org/product/8904063257581/lite-mixture-haldiram-s
9901863200662,Mathri,Haldiram's,Snacks,4,e,http://world-en.openfoodfacts.org/product/9901863200662/mathri-haldiram-s
8904004442816,Minute Khana Rajma Raseela,Haldiram's,ready-to-eat curry,3,c,http://world-en.openfoodfacts.org/product/8904004442816/minute-khana-rajma-raseela-haldiram-s
8904004403718,Moong Dal,Haldiram's,"Plant-based foods and beverages, Plant-based foods, Legumes and their products, Snacks, Legumes, Salty snacks, Seeds, Appetizers, Chips and fries, Legume seeds, Crisps, Pulses, Mung beans, Vegan, Vegetarian",3,c,http://world-en.openfoodfacts.org/product/8904004403718/moong-dal-haldiram-s
8904004404685,Nutty Craze,Haldiram's,"Snacks, en:nuts",3,unknown,http://world-en.openfoodfacts.org/product/8904004404685/nutty-craze-haldiram-s
8904004410617,Orange Burfee,Haldiram's,Sweets desserts,4,d,http://world-en.openfoodfacts.org/product/8904004410617/orange-burfee-haldiram-s
8904004405514,Orange Soan Treat,Haldiram's,"Snacks, Sweet snacks",4,e,http://world-en.openfoodfacts.org/product/8904004405514/orange-soan-treat-haldiram-s
8904063200082,Peanut Chikki Bar,Haldiram's,"Plant-based foods and beverages, Plant-based foods, Snacks, Sweet snacks, Nuts and their products, Bars, Nut bars, Peanut bars",4,e,http://world-en.openfoodfacts.org/product/8904063200082/peanut-chikki-bar-haldiram-s
8904063200525,Salted Banana Chips,Haldiram's,"Chips and fries, en:crisps",3,e,http://world-en.openfoodfacts.org/product/8904063200525/salted-banana-chips-haldiram-s
8904063253842,Salted peanuts,Haldiram's,"Snacks, en:roasted-peanuts",1,c,http://world-en.openfoodfacts.org/product/8904063253842/salted-peanuts-haldiram-s
8904063227928,Shahi Dal Biji,Haldiram's,"Namkeen,Snacks",3,unknown,http://world-en.openfoodfacts.org/product/8904063227928/shahi-dal-biji-haldiram-s
8904004400212,Soya Chips,Haldiram's,"Snacks, en:crisps",3,e,http://world-en.openfoodfacts.org/product/8904004400212/soya-chips-haldiram-s
8904004420111,Soya Sticks,Haldiram's,"Fried Soy Sticks, Fried snacks, en:appetizers",4,e,http://world-en.openfoodfacts.org/product/8904004420111/soya-sticks-haldiram-s
8904063220431,Taka tak,Haldiram's,"snacks, salty-snacks, appetizers, fr:chips, en:puffed-salty-snacks",4,unknown,http://world-en.openfoodfacts.org/product/8904063220431/taka-tak-haldiram-s
8904063220424,Takatak Chatpata Masala,Haldiram's,"snacks, salty-snacks, appetizers, da:crackers, puffed-salty-snacks, puffed-salty-snacks-made-from-maize, fried-snacks, en:crisps",4,e,http://world-en.openfoodfacts.org/product/8904063220424/takatak-chatpata-masala-haldiram-s
8904063258762,Takatak Chatpata Masala,Haldiram's,"Snacks, Salty snacks, Appetizers, Chips and fries, Crisps",4,unknown,http://world-en.openfoodfacts.org/product/8904063258762/takatak-chatpata-masala-haldiram-s
8904004800371,Tasty Nuts,Haldiram's,"Plant-based foods and beverages, Plant-based foods, Legumes and their products, Legumes, Nuts and their products, Nuts, Peanuts, Coated peanuts",3,unknown,http://world-en.openfoodfacts.org/product/8904004800371/tasty-nuts-haldiram-s
8904063255518,Whoopies,Haldiram's,"Chips and fries,cheese bala",4,e,http://world-en.openfoodfacts.org/product/8904063255518/whoopies-haldiram-s
8904004414509,gol kachauri,Haldiram's,"Snacks, Frozen foods, Frozen snacks and starters",4,e,http://world-en.openfoodfacts.org/product/8904004414509/gol-kachauri-haldiram-s
8904004401011,mixture,Haldiram's,Snacks variety packs,4,b,http://world-en.openfoodfacts.org/product/8904004401011/mixture-haldiram-s
8901719121746,Parle G,PARLE,en:biscuits,4,e,http://world-en.openfoodfacts.org/product/8901719121746/parle-g
8901719105913,parle hide & seek 120g,PARLE,"Snacks, Sweet snacks, Biscuits and cakes, Biscuits, Chocolate biscuits",4,e,http://world-en.openfoodfacts.org/product/8901719105913/parle-hide-seek-120g
8901719125683,Full Toss Baked,Parle,"snacks, salty-snacks, appetizers, biscuits-and-crackers, da:crackers, puffed-salty-snacks, en:crisps",4,unknown,http://world-en.openfoodfacts.org/product/8901719125683/parle
8901719128288,Parle,Parle,Snacks,4,e,http://world-en.openfoodfacts.org/product/8901719128288/parle
8902579002442,Appy fizz,Parle,"Plant-based foods and beverages, Beverages, Plant-based beverages, Carbonated drinks, Fruit-based beverages, Juices and nectars, Fruit juices, Unsweetened beverages, Apple juices, Sparkling apple juices",4,e,http://world-en.openfoodfacts.org/product/8902579002442/appy-fizz-parle
8901719120251,Chatkeens Khatta Meetha mixture,Parle,Snacks,3,e,http://world-en.openfoodfacts.org/product/8901719120251/chatkeens-khatta-meetha-mixture-parle
8901719107870,Choco rolls,Parle,"Snacks, Sweet snacks, Confectioneries, Biscuits and cakes, Biscuits and crackers, Biscuits, en:chocolate-candies",4,e,http://world-en.openfoodfacts.org/product/8901719107870/choco-rolls-parle
8901719123429,Fab! Bourbon,Parle,"Snacks,Sweet snacks,Biscuits and cakes,Biscuits",4,e,http://world-en.openfoodfacts.org/product/8901719123429/fab-bourbon-parle
8902579103057,Frooti,Parle,"Plant-based foods and beverages, Beverages, Plant-based beverages, en:sweetened-beverages",4,e,http://world-en.openfoodfacts.org/product/8902579103057/frooti-parle
8902579104016,Frooti Mango Drink,Parle,"non-carbonated beverages,Mango based beverage",4,unknown,http://world-en.openfoodfacts.org/product/8902579104016/frooti-mango-drink-parle
3948719127465,HIDE & SEEK Choco Chip Creme Sandwiches,Parle,en:biscuits,4,e,http://world-en.openfoodfacts.org/product/3948719127465/hide-seek-choco-chip-creme-sandwiches-parle
8901719129988,Happy happy - Parl,Parle,happy happy biscuit,3,e,http://world-en.openfoodfacts.org/product/8901719129988/happy-happy-parl-parle
8901719112492,Hide & Seek Black Bourbon,Parle,"Snacks, Sweet snacks, Biscuits and cakes, Biscuits, Filled biscuits, Chocolate sandwich cookies",4,e,http://world-en.openfoodfacts.org/product/8901719112492/hide-seek-black-bourbon-parle
8901719117206,Hide & Seek Caffé Mocha,Parle,"Cookies with Chocolate Chips and Coffee, en:biscuits",4,e,http://world-en.openfoodfacts.org/product/8901719117206/hide-seek-caffe-mocha-parle
8901719106538,Hide & Seek Cashew Butter,Parle,"Snacks, Spreads, Sweet snacks, Biscuits and cakes, Biscuits",4,unknown,http://world-en.openfoodfacts.org/product/8901719106538/hide-seek-cashew-butter-parle
8901719127366,Hide & Seek Choco Rolls,Parle,"Snacks, Sweet snacks, Biscuits and cakes, Biscuits and crackers, Biscuits, Biscuit (cookie) snack w chocolate filling, en:confectioneries",4,unknown,http://world-en.openfoodfacts.org/product/8901719127366/hide-seek-choco-rolls-parle
8901719127113,Hide & seek Milano chocolate chip,Parle,en:biscuits,4,unknown,http://world-en.openfoodfacts.org/product/8901719127113/hide-seek-milano-chocolate-chip-parle
3948719100369,Hide And Seek,Parle,"Snacks, Sweet snacks, Biscuits and cakes, Biscuits, Dry biscuits",4,unknown,http://world-en.openfoodfacts.org/product/3948719100369/hide-and-seek-parle
8901719126505,Hide and seek choco rolls,Parle,"Snacks,Sweet snacks,Biscuits and cakes,Biscuits,Filled biscuits",4,e,http://world-en.openfoodfacts.org/product/8901719126505/hide-and-seek-choco-rolls-parle
8901719123139,Hide&seek bisc,Parle,"Snacks, Sweet snacks, Biscuits and cakes, Biscuits",4,unknown,http://world-en.openfoodfacts.org/product/8901719123139/hide-seek-bisc-parle
8901719120732,Krack Jack,Parle,"Dairies, Fermented foods, Snacks, Fermented milk products, Sweet&saltycrackers",4,e,http://world-en.openfoodfacts.org/product/8901719120732/krack-jack-parle
8901719703058,Krack Jack Medium Pack,Parle,,4,unknown,http://world-en.openfoodfacts.org/product/8901719703058/krack-jack-medium-pack-parle
8901719135118,MONACO,Parle,"Monaco-biscuit,Monaco-biscuit,Biscuit",3,d,http://world-en.openfoodfacts.org/product/8901719135118/monaco-parle
8901719127786,Melody Chocolaty,Parle,"Snacks,Sweet snacks,Cocoa and its products,Confectioneries,Chocolate candies,Chocolates,Mini Cho",4,e,http://world-en.openfoodfacts.org/product/8901719127786/melody-chocolaty-parle
8901719130144,PARLE hide&seek400g,Parle,"Snacks, Sweet snacks, Biscuits and cakes, Biscuits, Biscuit (cookie) snack w chocolate filling, en:chocolate-biscuits",4,e,http://world-en.openfoodfacts.org/product/8901719130144/parle-hide-seek400g
8902579304041,Parle Bailey,Parle,"Beverages and beverages preparations,Beverages,Waters",1,unknown,http://world-en.openfoodfacts.org/product/8902579304041/parle-bailey
8901719100369,Parle Bis Hide &seek,Parle,en:biscuits,4,d,http://world-en.openfoodfacts.org/product/8901719100369/parle-bis-hide-seek
8901719130236,Parle Chatkeens Salted Peanuts,Parle,Salted peanuts,3,c,http://world-en.openfoodfacts.org/product/8901719130236/parle-chatkeens-salted-peanuts
8901719101007,Parle G Gluco Biscuits Milk wheat,Parle,en:biscuits,4,d,http://world-en.openfoodfacts.org/product/8901719101007/parle-g-gluco-biscuits-milk-wheat
8901719119040,Parle Mazelo Candy,Parle,"Sweeteners, Sugars, Rock candies, Sugar boiled confectionery",4,e,http://world-en.openfoodfacts.org/product/8901719119040/parle-mazelo-candy
8901719133701,Parle Rusk 1kg,Parle,Toasts,1,a,http://world-en.openfoodfacts.org/product/8901719133701/parle-rusk-1kg
8901719120800,Parle-G 250,Parle,"Snacks, Sweet snacks, Biscuits and cakes, Biscuits, Vegetarian",4,unknown,http://world-en.openfoodfacts.org/product/8901719120800/parle-g-250
8901719128004,Parle-G Oats & berries,Parle,biscuits,4,e,http://world-en.openfoodfacts.org/product/8901719128004/parle-g-oats-berries
8901719117312,Parle-G Original Gluco Biscuits,Parle,"Snacks, Sweet snacks, Biscuits and cakes, Biscuits, Dry biscuits, Plain biscuit",4,e,http://world-en.openfoodfacts.org/product/8901719117312/parle-g-original-gluco-biscuits
8901719125478,Parle-G gold 75g,Parle,"Snacks, Sweet snacks, Biscuits and cakes, Biscuits, Dry biscuits, Plain biscuit, Gluco biscuit",4,e,http://world-en.openfoodfacts.org/product/8901719125478/parle-g-gold-75g
8901719128202,Poppins,Parle,Candies,4,e,http://world-en.openfoodfacts.org/product/8901719128202/poppins-parle
8901719117251,Rusk Real Premium Elaichi,Parle,"Plant-based foods and beverages,Plant-based foods,Snacks,Cereals and potatoes,Sweet snacks,Biscuits and cakes,Biscuits,Breads,Rusks",4,unknown,http://world-en.openfoodfacts.org/product/8901719117251/rusk-real-premium-elaichi-parle
8901719130403,nutriticrunch digestive,Parle,"Snacks, Sweet snacks, Biscuits and cakes, Biscuits and crackers, Biscuits, en:chocolate-biscuits",4,e,http://world-en.openfoodfacts.org/product/8901719130403/nutriticrunch-digestive-parle
8901719134845,parle,Parle,"Snacks,Sweet snacks,Biscuits and cakes,Biscuits and crackers,Biscuits",4,e,http://world-en.openfoodfacts.org/product/8901719134845/parle
8901719119385,"parle 20,20 Nice sugar",Parle,"Snacks, Sweet snacks, Biscuits and cakes, Biscuits",4,e,http://world-en.openfoodfacts.org/product/8901719119385/parle-20-20-nice-sugar
8901719127144,poppins,Parle,"Snacks,Sweet snacks,Confectioneries,Candies,Hard candies",4,e,http://world-en.openfoodfacts.org/product/8901719127144/poppins-parle
8901262300612,Tender Coconut,amul,"Desserts,Frozen foods,Frozen desserts,Ice creams and sorbets,Ice creams",4,d,http://world-en.openfoodfacts.org/product/8901262300612/tender-coconut-amul
8901262030663,amul cow ghee,amul,"Dairies, Fats, Spreads, Spreadable fats, Animal fats, Milkfat, Dairy-spread, Butters",2,e,http://world-en.openfoodfacts.org/product/8901262030663/amul-cow-ghee
8901063365216,biscafe,britannia,"Snacks, Sweet snacks, Biscuits and cakes, Biscuits",4,e,http://world-en.openfoodfacts.org/product/8901063365216/biscafe-britannia
8901063362871,cake nut & raisin,britannia,"Snacks,Sweet snacks,Biscuits and cakes,Cakes,Soft cake with nuts",4,unknown,http://world-en.openfoodfacts.org/product/8901063362871/cake-nut-raisin-britannia
7622201766269,Bournvita,cadbury,"Beverages and beverages preparations,Plant-based foods and beverages,Beverages,Beverage preparations,Cereal-based drinks",4,unknown,http://world-en.openfoodfacts.org/product/7622201766269/bournvita-cadbury
8901233018362,Bournvita,cadbury,"Beverages, Dairies, Dairy drinks, Flavoured milks, Chocolate milks",4,unknown,http://world-en.openfoodfacts.org/product/8901233018362/bournvita-cadbury
7622201440046,dairy milk,cadbury,"Snacks, Sweet snacks, Cocoa and its products, Chocolates, Milk chocolates, Cadbury",4,e,http://world-en.openfoodfacts.org/product/7622201440046/dairy-milk-cadbury
7622202031618,nutties,cadbury,"Snacks, Sweet snacks, Cocoa and its products, Confectioneries, Chocolate candies, Chocolates, Chocolate covered cashews, en:milk-chocolates",4,e,http://world-en.openfoodfacts.org/product/7622202031618/nutties-cadbury
8901719115400,Milano,parle,"Snacks, Sweet snacks, Biscuits and cakes, Biscuits, Chocolate biscuits",4,d,http://world-en.openfoodfacts.org/product/8901719115400/milano-parle
8901719125812,hide & seek Milano choco filled cocoa rich biscuits,parle,"Snacks,Sweet snacks,Biscuits and cakes,Biscuits and crackers,Biscuits,Chocolate biscuits,Filled biscuits",4,e,http://world-en.openfoodfacts.org/product/8901719125812/hide-seek-milano-choco-filled-cocoa-rich-biscuits-parle
8901719126376,kaccha mango,parle,hard candy,4,e,http://world-en.openfoodfacts.org/product/8901719126376/kaccha-mango-parle
7901758112706,parle - G,parle,,4,unknown,http://world-en.openfoodfacts.org/product/7901758112706/parle-g
